"","created","user_id","method","currency","amount"
"1","2020-12-10 18:46:21.384+00",1718,"eth_erc20","usd",10.84
"2","2020-12-08 17:11:58.036+00",1718,"eth_erc20","usd",12.01
"3","2020-12-10 21:53:44.504+00",1718,"bt","btc",0.01
"4","2020-12-01 21:46:25.935+00",1718,"bt","eth",1
"5","2020-12-30 23:52:36.779+00",3309,"bt","mxn",200
"6","2020-12-30 23:52:36.136+00",3309,"bt","mxn",200
"7","2020-12-30 23:52:35.218+00",3309,"bt","mxn",200
"8","2020-12-30 23:52:34.371+00",3309,"bt","mxn",200
"9","2020-12-30 23:52:33.427+00",3309,"spei","mxn",50
"10","2020-12-30 23:52:20.216+00",3309,"bt","mxn",1
"11","2020-12-30 23:52:19.538+00",3309,"bt","mxn",1
"12","2020-12-30 23:52:18.386+00",3309,"bt","mxn",1
"13","2020-12-30 17:24:19.698+00",3309,"bt","mxn",200
"14","2020-12-30 17:24:19.003+00",3309,"bt","mxn",200
"15","2020-12-30 17:24:18.01+00",3309,"bt","mxn",200
"16","2020-12-30 17:24:16.956+00",3309,"bt","mxn",200
"17","2020-12-30 17:24:15.894+00",3309,"spei","mxn",50
"18","2020-12-30 17:24:03.305+00",3309,"bt","mxn",1
"19","2020-12-30 17:24:02.505+00",3309,"bt","mxn",1
"20","2020-12-30 17:24:01.444+00",3309,"bt","mxn",1
"21","2020-12-30 05:30:38.262+00",3309,"bt","mxn",200
"22","2020-12-30 05:30:37.604+00",3309,"bt","mxn",200
"23","2020-12-30 05:30:36.737+00",3309,"bt","mxn",200
"24","2020-12-30 05:30:35.82+00",3309,"bt","mxn",200
"25","2020-12-30 05:30:34.837+00",3309,"spei","mxn",50
"26","2020-12-30 05:30:22.313+00",3309,"bt","mxn",1
"27","2020-12-30 05:30:21.512+00",3309,"bt","mxn",1
"28","2020-12-30 05:30:20.342+00",3309,"bt","mxn",1
"29","2020-12-29 15:04:33.006+00",3309,"bt","mxn",200
"30","2020-12-29 15:04:32.491+00",3309,"bt","mxn",200
"31","2020-12-29 15:04:31.707+00",3309,"bt","mxn",200
"32","2020-12-29 15:04:30.851+00",3309,"bt","mxn",200
"33","2020-12-29 15:04:29.757+00",3309,"spei","mxn",50
"34","2020-12-29 15:04:16.991+00",3309,"bt","mxn",1
"35","2020-12-29 15:04:16.023+00",3309,"bt","mxn",1
"36","2020-12-29 15:04:14.703+00",3309,"bt","mxn",1
"37","2020-12-28 17:23:47.999+00",3309,"bt","mxn",200
"38","2020-12-28 17:23:47.493+00",3309,"bt","mxn",200
"39","2020-12-28 17:23:46.645+00",3309,"bt","mxn",200
"40","2020-12-28 17:23:45.714+00",3309,"bt","mxn",200
"41","2020-12-28 17:23:44.823+00",3309,"spei","mxn",50
"42","2020-12-28 17:23:32.327+00",3309,"bt","mxn",1
"43","2020-12-28 17:23:31.702+00",3309,"bt","mxn",1
"44","2020-12-28 17:23:30.647+00",3309,"bt","mxn",1
"45","2020-12-28 16:46:07.446+00",3309,"bt","mxn",200
"46","2020-12-28 16:46:06.772+00",3309,"bt","mxn",200
"47","2020-12-28 16:46:05.937+00",3309,"bt","mxn",200
"48","2020-12-28 16:46:05.023+00",3309,"bt","mxn",200
"49","2020-12-28 16:46:03.943+00",3309,"spei","mxn",50
"50","2020-12-28 16:45:50.637+00",3309,"bt","mxn",1
"51","2020-12-28 16:45:49.915+00",3309,"bt","mxn",1
"52","2020-12-28 16:45:48.796+00",3309,"bt","mxn",1
"53","2020-12-28 16:16:15.881+00",3309,"bt","mxn",200
"54","2020-12-28 16:16:15.114+00",3309,"bt","mxn",200
"55","2020-12-28 16:16:14.115+00",3309,"bt","mxn",200
"56","2020-12-28 16:16:13.228+00",3309,"bt","mxn",200
"57","2020-12-28 16:16:12.226+00",3309,"spei","mxn",50
"58","2020-12-28 16:15:59.629+00",3309,"bt","mxn",1
"59","2020-12-28 16:15:58.78+00",3309,"bt","mxn",1
"60","2020-12-28 16:15:57.557+00",3309,"bt","mxn",1
"61","2020-12-26 04:40:05.674+00",3309,"bt","mxn",200
"62","2020-12-26 04:40:05.067+00",3309,"bt","mxn",200
"63","2020-12-26 04:40:04.26+00",3309,"bt","mxn",200
"64","2020-12-26 04:40:03.436+00",3309,"bt","mxn",200
"65","2020-12-26 04:40:02.525+00",3309,"spei","mxn",50
"66","2020-12-26 04:39:50.35+00",3309,"bt","mxn",1
"67","2020-12-26 04:39:49.629+00",3309,"bt","mxn",1
"68","2020-12-26 04:39:48.779+00",3309,"bt","mxn",1
"69","2020-12-25 23:43:54.175+00",3309,"bt","mxn",200
"70","2020-12-25 23:43:53.368+00",3309,"bt","mxn",200
"71","2020-12-25 23:43:52.489+00",3309,"bt","mxn",200
"72","2020-12-25 23:43:51.489+00",3309,"bt","mxn",200
"73","2020-12-25 23:43:50.33+00",3309,"spei","mxn",50
"74","2020-12-25 23:43:37.738+00",3309,"bt","mxn",1
"75","2020-12-25 23:43:37.112+00",3309,"bt","mxn",1
"76","2020-12-25 23:43:36.05+00",3309,"bt","mxn",1
"77","2020-12-24 19:40:08.285+00",3309,"bt","mxn",200
"78","2020-12-24 19:40:07.754+00",3309,"bt","mxn",200
"79","2020-12-24 19:40:06.856+00",3309,"bt","mxn",200
"80","2020-12-24 19:40:05.941+00",3309,"bt","mxn",200
"81","2020-12-24 19:40:04.954+00",3309,"spei","mxn",50
"82","2020-12-24 19:39:53.376+00",3309,"bt","mxn",1
"83","2020-12-24 19:39:52.789+00",3309,"bt","mxn",1
"84","2020-12-24 19:39:51.937+00",3309,"bt","mxn",1
"85","2020-12-24 18:58:21.199+00",3309,"bt","mxn",200
"86","2020-12-24 18:58:20.579+00",3309,"bt","mxn",200
"87","2020-12-24 18:58:19.67+00",3309,"bt","mxn",200
"88","2020-12-24 18:58:18.803+00",3309,"bt","mxn",200
"89","2020-12-24 18:58:17.802+00",3309,"spei","mxn",50
"90","2020-12-24 18:58:04.931+00",3309,"bt","mxn",1
"91","2020-12-24 18:58:04.233+00",3309,"bt","mxn",1
"92","2020-12-24 18:58:02.866+00",3309,"bt","mxn",1
"93","2020-12-24 12:38:18.774+00",3309,"bt","mxn",200
"94","2020-12-24 12:38:18.075+00",3309,"bt","mxn",200
"95","2020-12-24 12:38:17.296+00",3309,"bt","mxn",200
"96","2020-12-24 12:38:16.313+00",3309,"bt","mxn",200
"97","2020-12-24 12:38:15.40+00",3309,"spei","mxn",50
"98","2020-12-24 12:38:03.153+00",3309,"bt","mxn",1
"99","2020-12-24 12:38:02.173+00",3309,"bt","mxn",1
"100","2020-12-24 12:38:01.234+00",3309,"bt","mxn",1
"101","2020-12-24 02:40:16.368+00",3309,"bt","mxn",200
"102","2020-12-24 02:40:15.697+00",3309,"bt","mxn",200
"103","2020-12-24 02:40:14.778+00",3309,"bt","mxn",200
"104","2020-12-24 02:40:13.827+00",3309,"bt","mxn",200
"105","2020-12-24 02:40:12.867+00",3309,"spei","mxn",50
"106","2020-12-24 02:39:58.846+00",3309,"bt","mxn",1
"107","2020-12-24 02:39:58.258+00",3309,"bt","mxn",1
"108","2020-12-24 02:39:57.178+00",3309,"bt","mxn",1
"109","2020-12-24 02:07:07.273+00",3309,"bt","mxn",200
"110","2020-12-24 02:07:06.592+00",3309,"bt","mxn",200
"111","2020-12-24 02:07:05.703+00",3309,"bt","mxn",200
"112","2020-12-24 02:07:04.835+00",3309,"bt","mxn",200
"113","2020-12-24 02:07:03.704+00",3309,"spei","mxn",50
"114","2020-12-24 02:06:49.264+00",3309,"bt","mxn",1
"115","2020-12-24 02:06:48.442+00",3309,"bt","mxn",1
"116","2020-12-24 02:06:47.401+00",3309,"bt","mxn",1
"117","2020-12-24 00:05:34.764+00",3309,"bt","mxn",200
"118","2020-12-24 00:05:34.149+00",3309,"bt","mxn",200
"119","2020-12-24 00:05:33.189+00",3309,"bt","mxn",200
"120","2020-12-24 00:05:32.206+00",3309,"bt","mxn",200
"121","2020-12-24 00:05:30.953+00",3309,"spei","mxn",50
"122","2020-12-24 00:05:15.892+00",3309,"bt","mxn",1
"123","2020-12-24 00:05:15.12+00",3309,"bt","mxn",1
"124","2020-12-24 00:05:14.062+00",3309,"bt","mxn",1
"125","2020-12-23 23:28:12.403+00",3309,"bt","mxn",200
"126","2020-12-23 23:28:11.713+00",3309,"bt","mxn",200
"127","2020-12-23 23:28:10.80+00",3309,"bt","mxn",200
"128","2020-12-23 23:28:09.839+00",3309,"bt","mxn",200
"129","2020-12-23 23:28:08.871+00",3309,"spei","mxn",50
"130","2020-12-23 23:27:54.455+00",3309,"bt","mxn",1
"131","2020-12-16 02:28:11.178+00",1867,"rp","xrp",0.1
"132","2020-12-04 16:01:18.479+00",4771,"bt","tusd",2.52
"133","2020-12-04 15:53:21.899+00",4771,"bch","bch",0.04271867
"134","2020-12-04 15:48:38.516+00",4771,"bt","ars",1
"135","2020-12-04 15:26:23.697+00",4771,"btc","btc",0.00144351
"136","2020-12-10 17:32:36.758+00",6922,"eth_erc20","usd",4.56
"137","2020-12-10 12:40:47.961+00",6922,"eth_erc20","usd",12.88
"138","2020-12-10 12:06:55.256+00",6922,"eth_erc20","usd",3.64
"139","2020-12-09 20:53:04.92+00",6922,"eth_erc20","usd",23.02
"140","2020-12-09 20:49:54.879+00",6922,"eth_erc20","usd",26.15
"141","2020-12-09 20:33:51.914+00",6922,"eth_erc20","usd",22.82
"142","2020-12-09 14:23:26.007+00",6922,"eth_erc20","tusd",7.18
"143","2020-12-18 15:09:26.81+00",6922,"bt","btc",0.001
"144","2020-12-10 17:33:13.799+00",6922,"eth","eth",0.0118648
"145","2020-12-03 20:09:04.453+00",6922,"rp","xrp",200
"146","2020-12-03 20:08:40.915+00",6922,"rp","xrp",1
"147","2020-12-07 13:36:33.569+00",7252,"spei","mxn",1978.45
"148","2020-12-07 13:31:26.96+00",7252,"spei","mxn",1976.16
"149","2020-12-03 00:52:27.322+00",7252,"spei","mxn",501
"150","2020-12-03 00:05:33.533+00",7252,"spei","mxn",1531.21
"151","2020-12-02 23:28:03.843+00",7252,"spei","mxn",1388.3
"152","2020-12-02 23:09:50.432+00",7252,"spei","mxn",501
"153","2020-12-02 23:04:45.936+00",7252,"spei","mxn",1980.53
"154","2020-12-02 21:57:21.668+00",7252,"spei","mxn",501
"155","2020-12-02 21:45:35.314+00",7252,"spei","mxn",501
"156","2020-12-02 21:32:24.413+00",7252,"spei","mxn",1093.17
"157","2020-12-02 21:14:37.194+00",7252,"spei","mxn",1971.06
"158","2020-12-02 20:11:00.579+00",7252,"spei","mxn",1398.67
"159","2020-12-02 17:19:43.392+00",7252,"spei","mxn",1096.42
"160","2020-12-02 16:39:48.306+00",7252,"spei","mxn",4266.56
"161","2020-12-02 01:22:48.689+00",7252,"spei","mxn",1316.86
"162","2020-12-02 00:46:05.575+00",7252,"spei","mxn",1792.18
"163","2020-12-02 00:12:06.156+00",7252,"spei","mxn",1499.44
"164","2020-12-04 16:22:58.717+00",7303,"bt","btc",0.0002101
"165","2020-12-04 14:27:25.113+00",7455,"spei","mxn",1000
"166","2020-12-30 19:20:28.512+00",7765,"bt","mxn",1535.06
"167","2020-12-30 18:55:03.877+00",7765,"bt","mxn",1533.27
"168","2020-12-30 18:12:53.777+00",7765,"bt","mxn",990.91
"169","2020-12-29 17:59:01.99+00",7765,"bt","mxn",996.52
"170","2020-12-28 19:49:37.717+00",7765,"bt","mxn",1537.43
"171","2020-12-21 22:51:15.604+00",7765,"bt","mxn",1097.62
"172","2020-12-10 00:37:45.448+00",7765,"bt","mxn",1088.63
"173","2020-12-09 22:22:36.08+00",7765,"bt","mxn",1682.15
"174","2020-12-09 17:36:45.861+00",7765,"bt","mxn",1525.99
"175","2020-12-08 17:29:26.139+00",7765,"bt","mxn",1080.11
"176","2020-12-08 16:03:07.318+00",7765,"bt","mxn",1088.14
"177","2020-12-17 20:53:47.858+00",7920,"bt","mxn",25
"178","2020-12-14 17:05:26.554+00",7268,"eth_erc20","usd",51.3
"179","2020-12-14 17:04:14.451+00",7268,"eth_erc20","usd",233.3
"180","2020-12-23 23:27:53.636+00",3309,"bt","mxn",1
"181","2020-12-23 23:27:52.628+00",3309,"bt","mxn",1
"182","2020-12-23 22:53:41.607+00",3309,"bt","mxn",200
"183","2020-12-23 22:53:41.055+00",3309,"bt","mxn",200
"184","2020-12-23 22:53:40.12+00",3309,"bt","mxn",200
"185","2020-12-23 22:53:39.216+00",3309,"bt","mxn",200
"186","2020-12-23 22:53:38.288+00",3309,"spei","mxn",50
"187","2020-12-23 22:53:24.288+00",3309,"bt","mxn",1
"188","2020-12-23 22:53:23.611+00",3309,"bt","mxn",1
"189","2020-12-23 22:53:22.506+00",3309,"bt","mxn",1
"190","2020-12-23 22:02:15.721+00",3309,"bt","mxn",200
"191","2020-12-23 22:02:15.057+00",3309,"bt","mxn",200
"192","2020-12-23 22:02:14.225+00",3309,"bt","mxn",200
"193","2020-12-23 22:02:13.198+00",3309,"bt","mxn",200
"194","2020-12-23 22:02:11.957+00",3309,"spei","mxn",50
"195","2020-12-23 22:01:56.275+00",3309,"bt","mxn",1
"196","2020-12-23 22:01:55.561+00",3309,"bt","mxn",1
"197","2020-12-23 22:01:54.519+00",3309,"bt","mxn",1
"198","2020-12-23 19:29:30.269+00",3309,"bt","mxn",200
"199","2020-12-23 19:29:29.451+00",3309,"bt","mxn",200
"200","2020-12-23 19:29:28.476+00",3309,"bt","mxn",200
"201","2020-12-23 19:29:27.609+00",3309,"bt","mxn",200
"202","2020-12-23 19:29:26.708+00",3309,"spei","mxn",50
"203","2020-12-23 19:29:11.682+00",3309,"bt","mxn",1
"204","2020-12-23 19:29:10.659+00",3309,"bt","mxn",1
"205","2020-12-23 19:29:09.621+00",3309,"bt","mxn",1
"206","2020-12-23 16:13:36.969+00",3309,"bt","mxn",200
"207","2020-12-23 16:13:36.281+00",3309,"bt","mxn",200
"208","2020-12-23 16:13:35.287+00",3309,"bt","mxn",200
"209","2020-12-23 16:13:34.325+00",3309,"bt","mxn",200
"210","2020-12-23 16:13:33.294+00",3309,"spei","mxn",50
"211","2020-12-23 16:13:18.251+00",3309,"bt","mxn",1
"212","2020-12-23 16:13:17.283+00",3309,"bt","mxn",1
"213","2020-12-23 16:13:15.707+00",3309,"bt","mxn",1
"214","2020-12-22 23:23:53.641+00",3309,"bt","mxn",200
"215","2020-12-22 23:23:53.062+00",3309,"bt","mxn",200
"216","2020-12-22 23:23:52.244+00",3309,"bt","mxn",200
"217","2020-12-22 23:23:51.392+00",3309,"bt","mxn",200
"218","2020-12-22 23:23:50.547+00",3309,"spei","mxn",50
"219","2020-12-22 23:23:33.843+00",3309,"bt","mxn",1
"220","2020-12-22 23:23:32.644+00",3309,"bt","mxn",1
"221","2020-12-22 23:23:31.835+00",3309,"bt","mxn",1
"222","2020-12-22 21:43:43.481+00",3309,"bt","mxn",200
"223","2020-12-22 21:43:42.805+00",3309,"bt","mxn",200
"224","2020-12-22 21:43:41.866+00",3309,"bt","mxn",200
"225","2020-12-22 21:43:40.972+00",3309,"bt","mxn",200
"226","2020-12-22 21:43:39.96+00",3309,"spei","mxn",50
"227","2020-12-22 21:43:22.773+00",3309,"bt","mxn",1
"228","2020-12-22 21:43:22.084+00",3309,"bt","mxn",1
"229","2020-12-22 21:43:20.952+00",3309,"bt","mxn",1
"230","2020-12-22 18:27:40.245+00",3309,"bt","mxn",200
"231","2020-12-22 18:27:39.631+00",3309,"bt","mxn",200
"232","2020-12-22 18:27:38.724+00",3309,"bt","mxn",200
"233","2020-12-22 18:27:37.854+00",3309,"bt","mxn",200
"234","2020-12-22 18:27:36.912+00",3309,"spei","mxn",50
"235","2020-12-22 18:27:19.026+00",3309,"bt","mxn",1
"236","2020-12-22 18:27:18.311+00",3309,"bt","mxn",1
"237","2020-12-22 18:27:17.189+00",3309,"bt","mxn",1
"238","2020-12-22 07:04:13.053+00",3309,"bt","mxn",200
"239","2020-12-22 07:04:12.267+00",3309,"bt","mxn",200
"240","2020-12-22 07:04:11.263+00",3309,"bt","mxn",200
"241","2020-12-22 07:04:10.368+00",3309,"bt","mxn",200
"242","2020-12-22 07:04:09.448+00",3309,"spei","mxn",50
"243","2020-12-22 07:03:51.944+00",3309,"bt","mxn",1
"244","2020-12-22 07:03:51.244+00",3309,"bt","mxn",1
"245","2020-12-22 07:03:50.388+00",3309,"bt","mxn",1
"246","2020-12-22 06:41:39.163+00",3309,"bt","mxn",200
"247","2020-12-22 06:41:38.495+00",3309,"bt","mxn",200
"248","2020-12-22 06:41:37.73+00",3309,"bt","mxn",200
"249","2020-12-22 06:41:36.908+00",3309,"bt","mxn",200
"250","2020-12-22 06:41:35.87+00",3309,"spei","mxn",50
"251","2020-12-22 06:41:18.878+00",3309,"bt","mxn",1
"252","2020-12-22 06:41:17.885+00",3309,"bt","mxn",1
"253","2020-12-22 06:41:17.121+00",3309,"bt","mxn",1
"254","2020-12-22 06:05:45.362+00",3309,"bt","mxn",200
"255","2020-12-22 06:05:44.674+00",3309,"bt","mxn",200
"256","2020-12-22 06:05:43.763+00",3309,"bt","mxn",200
"257","2020-12-22 06:05:42.80+00",3309,"bt","mxn",200
"258","2020-12-22 06:05:41.807+00",3309,"spei","mxn",50
"259","2020-12-22 06:05:24.507+00",3309,"bt","mxn",1
"260","2020-12-22 06:05:23.538+00",3309,"bt","mxn",1
"261","2020-12-22 06:05:22.762+00",3309,"bt","mxn",1
"262","2020-12-22 05:23:33.838+00",3309,"bt","mxn",200
"263","2020-12-22 05:23:33.237+00",3309,"bt","mxn",200
"264","2020-12-22 05:23:32.343+00",3309,"bt","mxn",200
"265","2020-12-22 05:23:31.442+00",3309,"bt","mxn",200
"266","2020-12-22 05:23:30.559+00",3309,"spei","mxn",50
"267","2020-12-22 05:23:11.092+00",3309,"bt","mxn",1
"268","2020-12-22 05:23:10.122+00",3309,"bt","mxn",1
"269","2020-12-22 05:23:09.237+00",3309,"bt","mxn",1
"270","2020-12-22 03:03:18.228+00",3309,"bt","mxn",200
"271","2020-12-22 03:03:17.605+00",3309,"bt","mxn",200
"272","2020-12-22 03:03:16.73+00",3309,"bt","mxn",200
"273","2020-12-22 03:03:15.724+00",3309,"bt","mxn",200
"274","2020-12-22 03:03:14.626+00",3309,"spei","mxn",50
"275","2020-12-22 03:02:56.267+00",3309,"bt","mxn",1
"276","2020-12-22 03:02:55.533+00",3309,"bt","mxn",1
"277","2020-12-22 03:02:54.577+00",3309,"bt","mxn",1
"278","2020-12-22 00:36:43.552+00",3309,"bt","mxn",200
"279","2020-12-22 00:36:43.017+00",3309,"bt","mxn",200
"280","2020-12-22 00:36:42.183+00",3309,"bt","mxn",200
"281","2020-12-22 00:36:41.308+00",3309,"bt","mxn",200
"282","2020-12-22 00:36:40.307+00",3309,"spei","mxn",50
"283","2020-12-22 00:36:16.867+00",3309,"bt","mxn",1
"284","2020-12-22 00:36:16.055+00",3309,"bt","mxn",1
"285","2020-12-22 00:36:14.965+00",3309,"bt","mxn",1
"286","2020-12-22 00:00:17.113+00",3309,"bt","mxn",200
"287","2020-12-22 00:00:16.404+00",3309,"bt","mxn",200
"288","2020-12-22 00:00:15.541+00",3309,"bt","mxn",200
"289","2020-12-22 00:00:14.679+00",3309,"bt","mxn",200
"290","2020-12-22 00:00:13.403+00",3309,"spei","mxn",50
"291","2020-12-21 23:59:49.104+00",3309,"bt","mxn",1
"292","2020-12-21 23:59:48.199+00",3309,"bt","mxn",1
"293","2020-12-21 23:59:47.439+00",3309,"bt","mxn",1
"294","2020-12-21 23:23:04.135+00",3309,"bt","mxn",200
"295","2020-12-21 23:23:03.607+00",3309,"bt","mxn",200
"296","2020-12-21 23:23:02.691+00",3309,"bt","mxn",200
"297","2020-12-21 23:23:01.75+00",3309,"bt","mxn",200
"298","2020-12-21 23:23:00.524+00",3309,"spei","mxn",50
"299","2020-12-21 23:22:42.817+00",3309,"bt","mxn",1
"300","2020-12-21 23:22:42.125+00",3309,"bt","mxn",1
"301","2020-12-21 23:22:41.01+00",3309,"bt","mxn",1
"302","2020-12-21 22:55:15.139+00",3309,"bt","mxn",200
"303","2020-12-21 22:55:14.352+00",3309,"bt","mxn",200
"304","2020-12-21 22:55:13.265+00",3309,"bt","mxn",200
"305","2020-12-21 22:55:12.284+00",3309,"bt","mxn",200
"306","2020-12-21 22:55:11.183+00",3309,"spei","mxn",50
"307","2020-12-21 22:54:57.879+00",3309,"bt","mxn",1
"308","2020-12-21 22:54:57.24+00",3309,"bt","mxn",1
"309","2020-12-21 22:54:56.141+00",3309,"bt","mxn",1
"310","2020-12-21 22:46:33.759+00",3309,"bt","mxn",200
"311","2020-12-07 17:08:32.776+00",1669,"bt","mxn",700
"312","2020-12-18 15:22:49.665+00",5572,"bt","dai",5
"313","2020-12-08 02:33:24.667+00",6024,"eth_erc20","usd",11.89
"314","2020-12-17 20:59:51.466+00",6368,"bt","mxn",55
"315","2020-12-17 20:50:41.791+00",6368,"bt","mxn",55
"316","2020-12-17 20:47:17.436+00",6368,"bt","mxn",350
"317","2020-12-17 20:43:25.759+00",6368,"bt","mxn",500
"318","2020-12-17 20:35:12.819+00",6368,"bt","mxn",555
"319","2020-12-17 20:21:09.629+00",6368,"bt","mxn",500
"320","2020-12-17 20:19:16.464+00",6368,"bt","mxn",222
"321","2020-12-17 20:07:01.784+00",6368,"bt","mxn",222
"322","2020-12-17 20:04:31.436+00",6368,"bt","mxn",555
"323","2020-12-17 20:01:53.873+00",6368,"bt","mxn",333
"324","2020-12-17 20:00:00.856+00",6368,"bt","mxn",555
"325","2020-12-17 16:00:26.84+00",6368,"bt","mxn",500
"326","2020-12-17 15:27:58.977+00",6368,"bt","mxn",55
"327","2020-12-31 20:37:36.285+00",7195,"bt","mxn",15
"328","2020-12-31 17:36:54.094+00",7195,"bt","mxn",10
"329","2020-12-28 16:44:48.012+00",7195,"bt","btc",1e-05
"330","2020-12-22 21:47:16.353+00",7195,"bt","mxn",10
"331","2020-12-22 21:38:14.009+00",7195,"bt","mxn",10
"332","2020-12-17 15:23:57.263+00",7546,"bt","mxn",25
"333","2020-12-17 15:19:46.405+00",7546,"bt","mxn",5
"334","2020-12-04 22:51:00.256+00",7583,"bt","bat",1
"335","2020-12-04 22:49:13.795+00",7583,"bt","bat",1
"336","2020-12-04 22:46:58.09+00",7583,"bt","tusd",1
"337","2020-12-04 19:50:07.644+00",7583,"bt","ltc",1
"338","2020-12-04 19:40:55.466+00",7583,"bt","btc",0.5
"339","2020-12-04 19:39:57.696+00",7583,"bt","bch",1
"340","2020-12-04 19:38:30.247+00",7583,"bt","ars",2000
"341","2020-12-04 18:39:02.077+00",7583,"bt","mxn",500
"342","2020-12-04 18:38:14.827+00",7583,"bt","xrp",1
"343","2020-12-04 18:37:10.837+00",7583,"bt","dai",1
"344","2020-12-04 18:32:22.456+00",7583,"bt","gnt",1
"345","2020-12-04 18:28:44.118+00",7583,"bt","mana",1
"346","2020-12-04 18:27:41.465+00",7583,"bt","bat",1
"347","2020-12-04 18:12:56.759+00",7583,"bt","tusd",1
"348","2020-12-04 16:09:07.161+00",7583,"bt","eth",1
"349","2020-12-03 20:08:48.058+00",7583,"rp","xrp",1
"350","2020-12-02 23:38:38.079+00",7583,"eth","eth",0.01152346
"351","2020-12-04 22:44:59.909+00",7594,"eth_erc20","tusd",4.2
"352","2020-12-04 22:50:19.036+00",7594,"bt","bat",1
"353","2020-12-04 22:49:44.314+00",7594,"eth_erc20","bat",1.39189332
"354","2020-12-04 22:45:26.99+00",7594,"bt","tusd",1
"355","2020-12-04 22:38:18.956+00",7594,"bt","eth",1
"356","2020-12-04 16:14:56.953+00",7594,"bt","tusd",1
"357","2020-12-04 15:53:18.582+00",7594,"bch","bch",1.00002999
"358","2020-12-04 15:25:49.204+00",7594,"btc","btc",0.00587999
"359","2020-12-04 15:16:43.825+00",7594,"bt","btc",0.05
"360","2020-12-30 19:51:11.807+00",7708,"spei","mxn",1535.06
"361","2020-12-30 18:55:15.721+00",7708,"spei","mxn",1533.27
"362","2020-12-30 18:13:14.006+00",7708,"spei","mxn",990.91
"363","2020-12-29 17:59:29.352+00",7708,"spei","mxn",996.52
"364","2020-12-28 20:20:50.526+00",7708,"spei","mxn",1097.62
"365","2020-12-28 20:20:50.485+00",7708,"spei","mxn",1537.43
"366","2020-12-10 00:38:28.467+00",7708,"spei","mxn",1088.63
"367","2020-12-09 22:23:26.131+00",7708,"spei","mxn",1682.15
"368","2020-12-09 17:37:22.028+00",7708,"spei","mxn",1525.99
"369","2020-12-08 17:29:54.788+00",7708,"spei","mxn",1080.11
"370","2020-12-08 16:03:53.271+00",7708,"spei","mxn",1088.14
"371","2020-12-08 16:00:32.848+00",7708,"adm","mxn",998000
"372","2020-12-03 18:07:40.561+00",7708,"spei","mxn",1976.91
"373","2020-12-03 17:30:29.765+00",7708,"spei","mxn",1781.89
"374","2020-12-14 23:47:27.312+00",1630,"bt","mxn",100
"375","2020-12-14 23:46:16.962+00",1630,"bt","mxn",100
"376","2020-12-01 17:38:19.02+00",1630,"bt","mxn",100
"377","2020-12-07 15:07:20.683+00",1703,"bt","mxn",150
"378","2020-12-07 15:06:59.055+00",1703,"bt","mxn",120
"379","2020-12-07 15:06:24.266+00",1703,"bt","mxn",100
"380","2020-12-04 15:10:48.693+00",4981,"eth_erc20","tusd",5.37
"381","2020-12-17 20:08:19.981+00",4981,"bt","mxn",250
"382","2020-12-17 20:02:44.481+00",4981,"bt","mxn",450
"383","2020-12-17 17:28:28.125+00",4981,"bt","mxn",1500
"384","2020-12-17 16:03:32.459+00",4981,"bt","mxn",350
"385","2020-12-17 15:56:47.519+00",4981,"bt","btc",0.00108915
"386","2020-12-17 15:29:37.518+00",4981,"bt","mxn",35
"387","2020-12-17 15:23:14.254+00",4981,"bt","mxn",5000
"388","2020-12-16 20:38:44.247+00",4981,"bt","btc",0.00121584
"389","2020-12-16 20:36:11.497+00",4981,"bt","btc",0.00121638
"390","2020-12-16 20:33:28.40+00",4981,"bt","btc",0.00121638
"391","2020-12-16 20:31:40.697+00",4981,"bt","btc",0.00121638
"392","2020-12-10 20:21:01.728+00",4981,"btc","btc",0.00139581
"393","2020-12-10 20:05:04.073+00",4981,"bt","mxn",1000
"394","2020-12-10 20:04:01.296+00",4981,"btc","btc",0.00139345
"395","2020-12-04 15:43:38.229+00",4981,"bt","mxn",250
"396","2020-12-04 15:26:37.056+00",4981,"btc","btc",0.00144351
"397","2020-12-04 15:21:52.336+00",4981,"bt","mxn",100
"398","2020-12-04 15:12:31.599+00",4981,"eth","eth",0.01053529
"399","2020-12-03 20:04:19.174+00",4981,"bt","mxn",5000
"400","2020-12-01 00:28:14.927+00",5030,"eth_erc20","dai",4.6
"401","2020-12-10 17:50:19.072+00",6919,"eth_erc20","usd",3.52
"402","2020-12-09 23:19:42.482+00",6919,"eth_erc20","usd",2.02
"403","2020-12-09 16:30:52.711+00",6919,"eth_erc20","usd",4.55
"404","2020-12-09 16:30:28.925+00",6919,"eth_erc20","usd",7.55
"405","2020-12-09 16:30:09.306+00",6919,"eth_erc20","usd",7.55
"406","2020-12-09 16:22:18.242+00",6919,"eth_erc20","usd",4.05
"407","2020-12-09 16:20:39.416+00",6919,"eth_erc20","usd",8.05
"408","2020-12-09 07:21:37.454+00",6919,"eth_erc20","usd",2.74
"409","2020-12-09 04:19:41.243+00",6919,"eth_erc20","usd",3.07
"410","2020-12-09 03:00:13.45+00",6919,"eth_erc20","usd",1.99
"411","2020-12-09 01:03:40.235+00",6919,"eth_erc20","usd",3.44
"412","2020-12-09 00:42:13.545+00",6919,"eth_erc20","usd",3.23
"413","2020-12-09 00:36:33.155+00",6919,"eth_erc20","usd",3.23
"414","2020-12-09 00:35:27.317+00",6919,"eth_erc20","usd",22.23
"415","2020-12-09 00:29:38.75+00",6919,"eth_erc20","usd",23.72
"416","2020-12-09 00:00:29.763+00",6919,"eth_erc20","usd",6.56
"417","2020-12-08 23:59:18.975+00",6919,"eth_erc20","usd",4.37
"418","2020-12-08 16:45:13.076+00",6919,"eth_erc20","usd",7.27
"419","2020-12-08 16:37:37.085+00",6919,"eth_erc20","usd",7.53
"420","2020-12-08 16:33:01.241+00",6919,"eth_erc20","usd",7.53
"421","2020-12-03 13:47:54.003+00",6919,"eth_erc20","usd",6.39
"422","2020-12-03 04:15:09.962+00",6919,"eth_erc20","usd",6.08
"423","2020-12-03 04:14:37.052+00",6919,"eth_erc20","usd",6.08
"424","2020-12-03 01:02:01.871+00",6919,"eth_erc20","usd",6.42
"425","2020-12-02 22:15:39.468+00",6919,"eth_erc20","usd",6.55
"426","2020-12-02 22:14:00.811+00",6919,"eth_erc20","usd",6.55
"427","2020-12-02 22:05:43.984+00",6919,"eth_erc20","usd",5.82
"428","2020-12-02 21:54:41.64+00",6919,"eth_erc20","usd",6.21
"429","2020-12-01 22:21:49.483+00",6919,"eth_erc20","usd",21.07
"430","2020-12-02 23:02:30.19+00",7257,"bt","mxn",100
"431","2020-12-07 23:10:40.148+00",7709,"pts","usd",1000
"432","2020-12-07 23:10:40.117+00",7709,"pts","mxn",10000
"433","2020-12-07 23:10:40.08+00",7709,"pts","eth",20
"434","2020-12-07 23:10:39.989+00",7709,"pts","btc",5
"435","2020-12-14 18:33:28.015+00",7745,"btc","btc",0.01002999
"436","2020-12-21 22:46:33.20+00",3309,"bt","mxn",200
"437","2020-12-21 22:46:32.364+00",3309,"bt","mxn",200
"438","2020-12-21 22:46:31.467+00",3309,"bt","mxn",200
"439","2020-12-21 22:46:30.577+00",3309,"spei","mxn",50
"440","2020-12-21 22:46:02.974+00",3309,"bt","mxn",1
"441","2020-12-21 22:46:02.094+00",3309,"bt","mxn",1
"442","2020-12-21 22:46:01.233+00",3309,"bt","mxn",1
"443","2020-12-21 22:43:35.083+00",3309,"bt","mxn",200
"444","2020-12-21 22:43:34.394+00",3309,"bt","mxn",200
"445","2020-12-21 22:43:33.558+00",3309,"bt","mxn",200
"446","2020-12-21 22:43:32.741+00",3309,"bt","mxn",200
"447","2020-12-21 22:43:31.778+00",3309,"spei","mxn",50
"448","2020-12-21 22:43:14.013+00",3309,"bt","mxn",1
"449","2020-12-21 22:43:12.444+00",3309,"bt","mxn",1
"450","2020-12-21 22:43:11.716+00",3309,"bt","mxn",1
"451","2020-12-21 22:27:45.895+00",3309,"bt","mxn",200
"452","2020-12-21 22:27:45.314+00",3309,"bt","mxn",200
"453","2020-12-21 22:27:44.383+00",3309,"bt","mxn",200
"454","2020-12-21 22:27:43.462+00",3309,"bt","mxn",200
"455","2020-12-21 22:27:42.435+00",3309,"spei","mxn",50
"456","2020-12-21 22:27:25.411+00",3309,"bt","mxn",1
"457","2020-12-21 22:27:24.653+00",3309,"bt","mxn",1
"458","2020-12-21 22:27:23.883+00",3309,"bt","mxn",1
"459","2020-12-21 22:17:13.09+00",3309,"bt","mxn",200
"460","2020-12-21 22:17:12.139+00",3309,"bt","mxn",200
"461","2020-12-21 22:17:10.928+00",3309,"bt","mxn",200
"462","2020-12-21 22:17:10.009+00",3309,"bt","mxn",200
"463","2020-12-21 22:17:08.959+00",3309,"spei","mxn",50
"464","2020-12-21 22:16:56.529+00",3309,"bt","mxn",1
"465","2020-12-21 22:16:55.954+00",3309,"bt","mxn",1
"466","2020-12-21 22:16:54.945+00",3309,"bt","mxn",1
"467","2020-12-21 22:13:05.791+00",3309,"bt","mxn",200
"468","2020-12-21 22:13:05.109+00",3309,"bt","mxn",200
"469","2020-12-21 22:13:04.206+00",3309,"bt","mxn",200
"470","2020-12-21 22:13:03.094+00",3309,"bt","mxn",200
"471","2020-12-21 22:13:01.945+00",3309,"spei","mxn",50
"472","2020-12-21 22:12:44.571+00",3309,"bt","mxn",1
"473","2020-12-21 22:12:43.858+00",3309,"bt","mxn",1
"474","2020-12-21 22:12:42.858+00",3309,"bt","mxn",1
"475","2020-12-21 21:16:08.723+00",3309,"bt","mxn",200
"476","2020-12-21 21:16:08.094+00",3309,"bt","mxn",200
"477","2020-12-21 21:16:07.26+00",3309,"bt","mxn",200
"478","2020-12-21 21:16:06.353+00",3309,"bt","mxn",200
"479","2020-12-21 21:16:05.46+00",3309,"spei","mxn",50
"480","2020-12-21 21:15:48.283+00",3309,"bt","mxn",1
"481","2020-12-21 21:15:41.768+00",3309,"bt","mxn",1
"482","2020-12-21 21:15:40.64+00",3309,"bt","mxn",1
"483","2020-12-21 20:30:08.277+00",3309,"bt","mxn",200
"484","2020-12-21 20:30:07.688+00",3309,"bt","mxn",200
"485","2020-12-21 20:30:06.80+00",3309,"bt","mxn",200
"486","2020-12-21 20:30:06.014+00",3309,"bt","mxn",200
"487","2020-12-21 20:30:05.171+00",3309,"spei","mxn",50
"488","2020-12-21 20:29:46.266+00",3309,"bt","mxn",1
"489","2020-12-21 20:29:45.643+00",3309,"bt","mxn",1
"490","2020-12-21 20:29:44.749+00",3309,"bt","mxn",1
"491","2020-12-21 20:23:47.324+00",3309,"bt","mxn",200
"492","2020-12-21 20:23:46.702+00",3309,"bt","mxn",200
"493","2020-12-21 20:23:45.885+00",3309,"bt","mxn",200
"494","2020-12-21 20:23:44.884+00",3309,"bt","mxn",200
"495","2020-12-21 20:23:44.06+00",3309,"spei","mxn",50
"496","2020-12-21 20:23:32.066+00",3309,"bt","mxn",1
"497","2020-12-21 20:23:31.416+00",3309,"bt","mxn",1
"498","2020-12-21 20:23:30.596+00",3309,"bt","mxn",1
"499","2020-12-21 20:19:38.526+00",3309,"bt","mxn",200
"500","2020-12-21 20:19:37.91+00",3309,"bt","mxn",200
"501","2020-12-21 20:19:37.182+00",3309,"bt","mxn",200
"502","2020-12-21 20:19:36.393+00",3309,"bt","mxn",200
"503","2020-12-21 20:19:35.703+00",3309,"spei","mxn",50
"504","2020-12-21 20:19:20.007+00",3309,"bt","mxn",1
"505","2020-12-21 20:19:19.406+00",3309,"bt","mxn",1
"506","2020-12-21 20:19:18.355+00",3309,"bt","mxn",1
"507","2020-12-21 20:01:37.821+00",3309,"bt","mxn",200
"508","2020-12-21 20:01:37.096+00",3309,"bt","mxn",200
"509","2020-12-21 20:01:36.344+00",3309,"spei","mxn",50
"510","2020-12-21 20:01:23.744+00",3309,"bt","mxn",1
"511","2020-12-21 20:01:23.044+00",3309,"bt","mxn",1
"512","2020-12-21 20:01:22.066+00",3309,"bt","mxn",1
"513","2020-12-21 19:54:37.417+00",3309,"bt","mxn",200
"514","2020-12-21 19:54:36.912+00",3309,"bt","mxn",200
"515","2020-12-21 19:54:36.144+00",3309,"bt","mxn",200
"516","2020-12-21 19:54:35.342+00",3309,"bt","mxn",200
"517","2020-12-21 19:54:34.491+00",3309,"spei","mxn",50
"518","2020-12-21 19:54:18.497+00",3309,"bt","mxn",1
"519","2020-12-21 19:54:17.932+00",3309,"bt","mxn",1
"520","2020-12-21 19:54:16.985+00",3309,"bt","mxn",1
"521","2020-12-21 19:21:38.464+00",3309,"bt","mxn",200
"522","2020-12-21 19:21:37.831+00",3309,"bt","mxn",200
"523","2020-12-21 19:21:37.002+00",3309,"bt","mxn",200
"524","2020-12-21 19:21:36.181+00",3309,"bt","mxn",200
"525","2020-12-21 19:21:35.313+00",3309,"spei","mxn",50
"526","2020-12-21 19:21:18.87+00",3309,"bt","mxn",1
"527","2020-12-21 19:21:18.224+00",3309,"bt","mxn",1
"528","2020-12-21 19:21:17.147+00",3309,"bt","mxn",1
"529","2020-12-21 17:31:23.977+00",3309,"bt","mxn",200
"530","2020-12-21 17:31:23.336+00",3309,"bt","mxn",200
"531","2020-12-21 17:31:22.622+00",3309,"bt","mxn",200
"532","2020-12-21 17:31:21.892+00",3309,"bt","mxn",200
"533","2020-12-21 17:31:20.943+00",3309,"spei","mxn",50
"534","2020-12-21 17:31:03.781+00",3309,"bt","mxn",1
"535","2020-12-21 17:31:03.104+00",3309,"bt","mxn",1
"536","2020-12-21 17:31:02.211+00",3309,"bt","mxn",1
"537","2020-12-21 16:29:32.546+00",3309,"bt","mxn",200
"538","2020-12-21 16:29:32.012+00",3309,"bt","mxn",200
"539","2020-12-21 16:29:31.303+00",3309,"bt","mxn",200
"540","2020-12-21 16:29:30.572+00",3309,"bt","mxn",200
"541","2020-12-21 16:29:29.70+00",3309,"spei","mxn",50
"542","2020-12-21 16:29:13.532+00",3309,"bt","mxn",1
"543","2020-12-21 16:29:12.827+00",3309,"bt","mxn",1
"544","2020-12-21 16:29:11.584+00",3309,"bt","mxn",1
"545","2020-12-21 15:40:56.417+00",3309,"bt","mxn",200
"546","2020-12-21 15:40:55.873+00",3309,"bt","mxn",200
"547","2020-12-21 15:40:55.086+00",3309,"bt","mxn",200
"548","2020-12-21 15:40:54.201+00",3309,"bt","mxn",200
"549","2020-12-21 15:40:53.345+00",3309,"spei","mxn",50
"550","2020-12-21 15:40:36.476+00",3309,"bt","mxn",1
"551","2020-12-21 15:40:35.814+00",3309,"bt","mxn",1
"552","2020-12-21 15:40:34.881+00",3309,"bt","mxn",1
"553","2020-12-19 00:47:19.642+00",3309,"bt","mxn",200
"554","2020-12-19 00:47:19.048+00",3309,"bt","mxn",200
"555","2020-12-19 00:47:18.238+00",3309,"bt","mxn",200
"556","2020-12-19 00:47:17.437+00",3309,"bt","mxn",200
"557","2020-12-19 00:47:16.699+00",3309,"spei","mxn",50
"558","2020-12-19 00:46:59.072+00",3309,"bt","mxn",1
"559","2020-12-19 00:46:58.387+00",3309,"bt","mxn",1
"560","2020-12-19 00:46:57.257+00",3309,"bt","mxn",1
"561","2020-12-18 21:01:08.333+00",3309,"bt","mxn",200
"562","2020-12-18 21:01:07.788+00",3309,"bt","mxn",200
"563","2020-12-18 21:01:07.061+00",3309,"bt","mxn",200
"564","2020-12-18 21:01:06.033+00",3309,"bt","mxn",200
"565","2020-12-18 21:01:05.092+00",3309,"spei","mxn",50
"566","2020-12-18 21:00:48.238+00",3309,"bt","mxn",1
"567","2020-12-18 21:00:47.634+00",3309,"bt","mxn",1
"568","2020-12-18 21:00:46.945+00",3309,"bt","mxn",1
"569","2020-12-18 20:32:32.66+00",3309,"bt","mxn",200
"570","2020-12-18 20:32:32.095+00",3309,"bt","mxn",200
"571","2020-12-18 20:32:31.35+00",3309,"bt","mxn",200
"572","2020-12-18 20:32:30.56+00",3309,"bt","mxn",200
"573","2020-12-18 20:32:29.516+00",3309,"spei","mxn",50
"574","2020-12-18 20:32:11.302+00",3309,"bt","mxn",1
"575","2020-12-18 20:32:10.414+00",3309,"bt","mxn",1
"576","2020-12-18 20:32:09.44+00",3309,"bt","mxn",1
"577","2020-12-18 19:17:54.235+00",3309,"bt","mxn",200
"578","2020-12-18 19:17:53.687+00",3309,"bt","mxn",200
"579","2020-12-18 19:17:52.921+00",3309,"bt","mxn",200
"580","2020-12-18 19:17:52.087+00",3309,"bt","mxn",200
"581","2020-12-18 19:17:51.164+00",3309,"spei","mxn",50
"582","2020-12-18 19:17:34.463+00",3309,"bt","mxn",1
"583","2020-12-18 19:17:33.80+00",3309,"bt","mxn",1
"584","2020-12-18 19:17:32.868+00",3309,"bt","mxn",1
"585","2020-12-18 17:41:38.429+00",3309,"bt","mxn",200
"586","2020-12-18 17:41:37.857+00",3309,"bt","mxn",200
"587","2020-12-18 17:41:37.117+00",3309,"bt","mxn",200
"588","2020-12-18 17:41:36.181+00",3309,"bt","mxn",200
"589","2020-12-18 17:41:35.366+00",3309,"spei","mxn",50
"590","2020-12-18 17:41:18.372+00",3309,"bt","mxn",1
"591","2020-12-18 17:41:17.752+00",3309,"bt","mxn",1
"592","2020-12-18 17:41:16.97+00",3309,"bt","mxn",1
"593","2020-12-18 16:42:42.857+00",3309,"bt","mxn",200
"594","2020-12-18 16:42:42.24+00",3309,"bt","mxn",200
"595","2020-12-18 16:42:41.452+00",3309,"bt","mxn",200
"596","2020-12-18 16:42:40.622+00",3309,"bt","mxn",200
"597","2020-12-18 16:42:39.667+00",3309,"spei","mxn",50
"598","2020-12-18 16:42:22.709+00",3309,"bt","mxn",1
"599","2020-12-18 16:42:22.056+00",3309,"bt","mxn",1
"600","2020-12-18 16:42:21.371+00",3309,"bt","mxn",1
"601","2020-12-18 13:20:20.196+00",3309,"bt","mxn",200
"602","2020-12-18 13:20:19.683+00",3309,"bt","mxn",200
"603","2020-12-18 13:20:18.926+00",3309,"bt","mxn",200
"604","2020-12-18 13:20:18.137+00",3309,"bt","mxn",200
"605","2020-12-18 13:20:17.26+00",3309,"spei","mxn",50
"606","2020-12-18 13:20:01.63+00",3309,"bt","mxn",1
"607","2020-12-18 13:20:00.938+00",3309,"bt","mxn",1
"608","2020-12-18 13:19:59.987+00",3309,"bt","mxn",1
"609","2020-12-18 13:05:46.722+00",3309,"bt","mxn",200
"610","2020-12-18 13:05:46.242+00",3309,"bt","mxn",200
"611","2020-12-18 13:05:45.503+00",3309,"bt","mxn",200
"612","2020-12-18 13:05:44.782+00",3309,"bt","mxn",200
"613","2020-12-18 13:05:43.95+00",3309,"spei","mxn",50
"614","2020-12-18 13:05:28.61+00",3309,"bt","mxn",1
"615","2020-12-18 13:05:28.046+00",3309,"bt","mxn",1
"616","2020-12-18 13:05:27.407+00",3309,"bt","mxn",1
"617","2020-12-18 12:37:25.296+00",3309,"bt","mxn",200
"618","2020-12-18 12:37:24.817+00",3309,"bt","mxn",200
"619","2020-12-18 12:37:24.113+00",3309,"bt","mxn",200
"620","2020-12-18 12:37:23.304+00",3309,"bt","mxn",200
"621","2020-12-18 12:37:22.547+00",3309,"spei","mxn",50
"622","2020-12-18 12:37:11.875+00",3309,"bt","mxn",1
"623","2020-12-18 12:37:11.211+00",3309,"bt","mxn",1
"624","2020-12-18 12:37:10.355+00",3309,"bt","mxn",1
"625","2020-12-18 12:31:16.277+00",3309,"bt","mxn",200
"626","2020-12-18 12:31:15.828+00",3309,"bt","mxn",200
"627","2020-12-18 12:31:15.136+00",3309,"bt","mxn",200
"628","2020-12-18 12:31:14.305+00",3309,"bt","mxn",200
"629","2020-12-18 12:31:13.435+00",3309,"spei","mxn",50
"630","2020-12-18 12:31:02.492+00",3309,"bt","mxn",1
"631","2020-12-18 12:31:01.954+00",3309,"bt","mxn",1
"632","2020-12-18 12:31:01.071+00",3309,"bt","mxn",1
"633","2020-12-18 12:24:06.069+00",3309,"bt","mxn",200
"634","2020-12-18 12:24:05.486+00",3309,"bt","mxn",200
"635","2020-12-18 12:24:04.737+00",3309,"bt","mxn",200
"636","2020-12-18 12:24:04.044+00",3309,"bt","mxn",200
"637","2020-12-18 12:24:03.317+00",3309,"spei","mxn",50
"638","2020-12-18 12:23:47.841+00",3309,"bt","mxn",1
"639","2020-12-18 12:23:47.28+00",3309,"bt","mxn",1
"640","2020-12-18 12:23:46.621+00",3309,"bt","mxn",1
"641","2020-12-18 00:32:02.867+00",3309,"bt","mxn",200
"642","2020-12-18 00:32:02.288+00",3309,"bt","mxn",200
"643","2020-12-18 00:32:01.54+00",3309,"bt","mxn",200
"644","2020-12-18 00:32:00.739+00",3309,"bt","mxn",200
"645","2020-12-18 00:31:59.855+00",3309,"spei","mxn",50
"646","2020-12-18 00:31:44.731+00",3309,"bt","mxn",1
"647","2020-12-18 00:31:44.229+00",3309,"bt","mxn",1
"648","2020-12-18 00:31:43.45+00",3309,"bt","mxn",1
"649","2020-12-18 00:16:15.763+00",3309,"bt","mxn",200
"650","2020-12-18 00:16:14.787+00",3309,"bt","mxn",200
"651","2020-12-18 00:16:13.054+00",3309,"bt","mxn",200
"652","2020-12-18 00:16:11.91+00",3309,"bt","mxn",200
"653","2020-12-18 00:16:11.072+00",3309,"spei","mxn",50
"654","2020-12-18 00:15:58.584+00",3309,"bt","mxn",1
"655","2020-12-18 00:15:58+00",3309,"bt","mxn",1
"656","2020-12-18 00:15:57.164+00",3309,"bt","mxn",1
"657","2020-12-18 00:06:17.849+00",3309,"bt","mxn",200
"658","2020-12-18 00:06:17.324+00",3309,"bt","mxn",200
"659","2020-12-18 00:06:16.599+00",3309,"bt","mxn",200
"660","2020-12-18 00:06:15.724+00",3309,"bt","mxn",200
"661","2020-12-18 00:06:14.907+00",3309,"spei","mxn",50
"662","2020-12-18 00:06:03.003+00",3309,"bt","mxn",1
"663","2020-12-18 00:06:02.352+00",3309,"bt","mxn",1
"664","2020-12-18 00:06:01.633+00",3309,"bt","mxn",1
"665","2020-12-17 23:58:03.434+00",3309,"bt","mxn",200
"666","2020-12-17 23:58:02.934+00",3309,"bt","mxn",200
"667","2020-12-17 23:58:02.192+00",3309,"bt","mxn",200
"668","2020-12-17 23:58:01.307+00",3309,"bt","mxn",200
"669","2020-12-17 23:58:00.184+00",3309,"spei","mxn",50
"670","2020-12-17 23:57:45.299+00",3309,"bt","mxn",1
"671","2020-12-17 23:57:44.717+00",3309,"bt","mxn",1
"672","2020-12-17 23:57:43.841+00",3309,"bt","mxn",1
"673","2020-12-17 23:36:55.153+00",3309,"bt","mxn",200
"674","2020-12-17 23:36:54.699+00",3309,"bt","mxn",200
"675","2020-12-17 23:36:53.89+00",3309,"bt","mxn",200
"676","2020-12-17 23:36:53.038+00",3309,"bt","mxn",200
"677","2020-12-17 23:36:52.141+00",3309,"spei","mxn",50
"678","2020-12-17 23:36:36.58+00",3309,"bt","mxn",1
"679","2020-12-17 23:36:35.969+00",3309,"bt","mxn",1
"680","2020-12-17 23:36:35.094+00",3309,"bt","mxn",1
"681","2020-12-17 22:34:40.68+00",3309,"bt","mxn",200
"682","2020-12-17 22:34:40.133+00",3309,"bt","mxn",200
"683","2020-12-17 22:34:39.281+00",3309,"bt","mxn",200
"684","2020-12-17 22:34:38.387+00",3309,"bt","mxn",200
"685","2020-12-17 22:34:37.687+00",3309,"spei","mxn",50
"686","2020-12-17 22:34:26.276+00",3309,"bt","mxn",1
"687","2020-12-17 22:34:25.48+00",3309,"bt","mxn",1
"688","2020-12-17 22:34:24.276+00",3309,"bt","mxn",1
"689","2020-12-17 22:30:04.981+00",3309,"bt","mxn",200
"690","2020-12-17 22:30:04.485+00",3309,"bt","mxn",200
"691","2020-12-17 22:30:03.791+00",3309,"bt","mxn",200
"692","2020-12-17 22:30:02.976+00",3309,"bt","mxn",200
"693","2020-12-17 22:30:01.989+00",3309,"spei","mxn",50
"694","2020-12-17 22:29:46.724+00",3309,"bt","mxn",1
"695","2020-12-17 22:29:46.102+00",3309,"bt","mxn",1
"696","2020-12-17 22:29:45.278+00",3309,"bt","mxn",1
"697","2020-12-17 22:16:44.27+00",3309,"bt","mxn",200
"698","2020-12-17 22:16:43.758+00",3309,"bt","mxn",200
"699","2020-12-17 22:16:43.081+00",3309,"bt","mxn",200
"700","2020-12-17 22:16:42.115+00",3309,"bt","mxn",200
"701","2020-12-17 22:16:41.233+00",3309,"spei","mxn",50
"702","2020-12-17 22:16:25.611+00",3309,"bt","mxn",1
"703","2020-12-17 22:16:24.98+00",3309,"bt","mxn",1
"704","2020-12-17 22:16:24+00",3309,"bt","mxn",1
"705","2020-12-17 21:09:20.422+00",3309,"bt","mxn",200
"706","2020-12-17 21:09:19.947+00",3309,"bt","mxn",200
"707","2020-12-17 21:09:19.188+00",3309,"bt","mxn",200
"708","2020-12-17 21:09:18.468+00",3309,"bt","mxn",200
"709","2020-12-17 21:09:17.615+00",3309,"spei","mxn",50
"710","2020-12-17 21:09:05.669+00",3309,"bt","mxn",1
"711","2020-12-17 21:09:04.999+00",3309,"bt","mxn",1
"712","2020-12-17 21:09:04.295+00",3309,"bt","mxn",1
"713","2020-12-17 20:59:25.167+00",3309,"bt","mxn",200
"714","2020-12-17 20:59:24.625+00",3309,"bt","mxn",200
"715","2020-12-17 20:59:23.848+00",3309,"bt","mxn",200
"716","2020-12-17 20:59:23.056+00",3309,"bt","mxn",200
"717","2020-12-17 20:59:22.32+00",3309,"spei","mxn",50
"718","2020-12-17 20:59:05.941+00",3309,"bt","mxn",1
"719","2020-12-17 20:59:05.244+00",3309,"bt","mxn",1
"720","2020-12-17 20:59:04.41+00",3309,"bt","mxn",1
"721","2020-12-17 20:40:45.822+00",3309,"bt","mxn",200
"722","2020-12-17 20:40:44.736+00",3309,"bt","mxn",200
"723","2020-12-17 20:40:43.661+00",3309,"bt","mxn",200
"724","2020-12-17 20:40:42.369+00",3309,"bt","mxn",200
"725","2020-12-17 20:40:41.186+00",3309,"spei","mxn",50
"726","2020-12-17 20:40:25.867+00",3309,"bt","mxn",1
"727","2020-12-17 20:40:25.275+00",3309,"bt","mxn",1
"728","2020-12-17 20:40:24.301+00",3309,"bt","mxn",1
"729","2020-12-17 20:25:15.48+00",3309,"bt","mxn",200
"730","2020-12-17 20:25:14.855+00",3309,"bt","mxn",200
"731","2020-12-17 20:25:14.067+00",3309,"bt","mxn",200
"732","2020-12-17 20:25:13.248+00",3309,"bt","mxn",200
"733","2020-12-17 20:25:12.415+00",3309,"spei","mxn",50
"734","2020-12-17 20:25:01.364+00",3309,"bt","mxn",1
"735","2020-12-17 20:25:00.739+00",3309,"bt","mxn",1
"736","2020-12-17 20:24:59.819+00",3309,"bt","mxn",1
"737","2020-12-17 20:19:41.74+00",3309,"bt","mxn",200
"738","2020-12-17 20:19:41.226+00",3309,"bt","mxn",200
"739","2020-12-17 20:19:40.511+00",3309,"bt","mxn",200
"740","2020-12-17 20:19:39.788+00",3309,"bt","mxn",200
"741","2020-12-17 20:19:38.884+00",3309,"spei","mxn",50
"742","2020-12-17 20:19:21.60+00",3309,"bt","mxn",1
"743","2020-12-17 20:19:20.963+00",3309,"bt","mxn",1
"744","2020-12-17 20:19:20.055+00",3309,"bt","mxn",1
"745","2020-12-17 20:01:04.348+00",3309,"bt","mxn",200
"746","2020-12-17 20:01:03.785+00",3309,"bt","mxn",200
"747","2020-12-17 20:01:02.989+00",3309,"bt","mxn",200
"748","2020-12-17 20:01:02.192+00",3309,"bt","mxn",200
"749","2020-12-17 20:00:55.603+00",3309,"spei","mxn",50
"750","2020-12-17 20:00:39.602+00",3309,"bt","mxn",1
"751","2020-12-17 20:00:39.036+00",3309,"bt","mxn",1
"752","2020-12-17 20:00:37.957+00",3309,"bt","mxn",1
"753","2020-12-16 23:40:11.343+00",3309,"bt","mxn",200
"754","2020-12-16 23:40:10.72+00",3309,"bt","mxn",200
"755","2020-12-16 23:40:09.918+00",3309,"bt","mxn",200
"756","2020-12-16 23:40:09.178+00",3309,"bt","mxn",200
"757","2020-12-16 23:40:08.293+00",3309,"spei","mxn",50
"758","2020-12-16 23:39:52.271+00",3309,"bt","mxn",1
"759","2020-12-16 23:39:51.526+00",3309,"bt","mxn",1
"760","2020-12-16 23:39:50.507+00",3309,"bt","mxn",1
"761","2020-12-16 22:38:03.44+00",3309,"bt","mxn",200
"762","2020-12-16 22:38:02.869+00",3309,"bt","mxn",200
"763","2020-12-16 22:38:02.103+00",3309,"bt","mxn",200
"764","2020-12-16 22:38:01.199+00",3309,"bt","mxn",200
"765","2020-12-16 22:37:59.916+00",3309,"spei","mxn",50
"766","2020-12-16 22:37:44.661+00",3309,"bt","mxn",1
"767","2020-12-16 22:37:44.121+00",3309,"bt","mxn",1
"768","2020-12-16 22:37:43.063+00",3309,"bt","mxn",1
"769","2020-12-16 22:04:44.178+00",3309,"bt","mxn",200
"770","2020-12-16 22:04:43.66+00",3309,"bt","mxn",200
"771","2020-12-16 22:04:42.872+00",3309,"bt","mxn",200
"772","2020-12-16 22:04:42.117+00",3309,"bt","mxn",200
"773","2020-12-16 22:04:41.18+00",3309,"spei","mxn",50
"774","2020-12-16 22:04:26.548+00",3309,"bt","mxn",1
"775","2020-12-16 22:04:25.885+00",3309,"bt","mxn",1
"776","2020-12-16 22:04:25.058+00",3309,"bt","mxn",1
"777","2020-12-16 21:53:27.865+00",3309,"bt","mxn",200
"778","2020-12-16 21:53:27.363+00",3309,"bt","mxn",200
"779","2020-12-16 21:53:26.491+00",3309,"bt","mxn",200
"780","2020-12-16 21:53:25.739+00",3309,"bt","mxn",200
"781","2020-12-16 21:53:24.932+00",3309,"spei","mxn",50
"782","2020-12-16 21:53:09.345+00",3309,"bt","mxn",1
"783","2020-12-16 21:53:08.716+00",3309,"bt","mxn",1
"784","2020-12-16 21:53:07.622+00",3309,"bt","mxn",1
"785","2020-12-16 21:41:55.185+00",3309,"bt","mxn",200
"786","2020-12-16 21:41:54.466+00",3309,"bt","mxn",200
"787","2020-12-16 21:41:53.786+00",3309,"bt","mxn",200
"788","2020-12-16 21:41:53.067+00",3309,"bt","mxn",200
"789","2020-12-16 21:41:52.198+00",3309,"spei","mxn",50
"790","2020-12-16 21:41:36.433+00",3309,"bt","mxn",1
"791","2020-12-16 21:41:35.851+00",3309,"bt","mxn",1
"792","2020-12-16 21:41:34.768+00",3309,"bt","mxn",1
"793","2020-12-16 19:41:53.151+00",3309,"bt","mxn",200
"794","2020-12-16 19:41:52.584+00",3309,"bt","mxn",200
"795","2020-12-16 19:41:51.80+00",3309,"bt","mxn",200
"796","2020-12-16 19:41:50.984+00",3309,"bt","mxn",200
"797","2020-12-16 19:41:50.193+00",3309,"spei","mxn",50
"798","2020-12-16 19:41:28.068+00",3309,"bt","mxn",1
"799","2020-12-16 19:41:27.459+00",3309,"bt","mxn",1
"800","2020-12-16 19:41:26.466+00",3309,"bt","mxn",1
"801","2020-12-16 18:01:30.471+00",3309,"bt","mxn",200
"802","2020-12-16 18:01:29.904+00",3309,"bt","mxn",200
"803","2020-12-16 18:01:29.22+00",3309,"bt","mxn",200
"804","2020-12-16 18:01:28.491+00",3309,"bt","mxn",200
"805","2020-12-16 18:01:27.703+00",3309,"spei","mxn",50
"806","2020-12-16 18:01:03.755+00",3309,"bt","mxn",1
"807","2020-12-16 18:01:02.938+00",3309,"bt","mxn",1
"808","2020-12-16 18:01:02.01+00",3309,"bt","mxn",1
"809","2020-12-16 02:18:14.543+00",3309,"bt","mxn",200
"810","2020-12-16 02:18:14.075+00",3309,"bt","mxn",200
"811","2020-12-16 02:18:13.363+00",3309,"bt","mxn",200
"812","2020-12-16 02:18:12.552+00",3309,"bt","mxn",200
"813","2020-12-16 02:18:11.593+00",3309,"spei","mxn",50
"814","2020-12-16 02:17:55.535+00",3309,"bt","mxn",1
"815","2020-12-16 02:17:54.956+00",3309,"bt","mxn",1
"816","2020-12-16 02:17:54.009+00",3309,"bt","mxn",1
"817","2020-12-16 01:20:05.048+00",3309,"bt","mxn",200
"818","2020-12-16 01:20:04.589+00",3309,"bt","mxn",200
"819","2020-12-16 01:20:03.881+00",3309,"bt","mxn",200
"820","2020-12-16 01:20:03.143+00",3309,"bt","mxn",200
"821","2020-12-16 01:20:02.404+00",3309,"spei","mxn",50
"822","2020-12-16 01:19:45.826+00",3309,"bt","mxn",1
"823","2020-12-16 01:19:45.304+00",3309,"bt","mxn",1
"824","2020-12-16 01:19:44.369+00",3309,"bt","mxn",1
"825","2020-12-16 01:03:21.955+00",3309,"bt","mxn",200
"826","2020-12-16 01:03:21.443+00",3309,"bt","mxn",200
"827","2020-12-16 01:03:20.656+00",3309,"bt","mxn",200
"828","2020-12-16 01:03:19.789+00",3309,"bt","mxn",200
"829","2020-12-16 01:03:18.791+00",3309,"spei","mxn",50
"830","2020-12-16 01:03:01.139+00",3309,"bt","mxn",1
"831","2020-12-16 01:02:59.965+00",3309,"bt","mxn",1
"832","2020-12-16 01:02:59.151+00",3309,"bt","mxn",1
"833","2020-12-16 00:46:49.971+00",3309,"bt","mxn",200
"834","2020-12-16 00:46:49.514+00",3309,"bt","mxn",200
"835","2020-12-16 00:46:48.803+00",3309,"bt","mxn",200
"836","2020-12-16 00:46:47.982+00",3309,"bt","mxn",200
"837","2020-12-16 00:46:47.327+00",3309,"spei","mxn",50
"838","2020-12-16 00:46:30.848+00",3309,"bt","mxn",1
"839","2020-12-16 00:46:30.032+00",3309,"bt","mxn",1
"840","2020-12-16 00:46:29.198+00",3309,"bt","mxn",1
"841","2020-12-16 00:17:27.964+00",3309,"bt","mxn",200
"842","2020-12-16 00:17:27.459+00",3309,"bt","mxn",200
"843","2020-12-16 00:17:26.691+00",3309,"bt","mxn",200
"844","2020-12-16 00:17:25.981+00",3309,"bt","mxn",200
"845","2020-12-16 00:17:25.197+00",3309,"spei","mxn",50
"846","2020-12-16 00:17:08.997+00",3309,"bt","mxn",1
"847","2020-12-16 00:17:08.413+00",3309,"bt","mxn",1
"848","2020-12-16 00:17:07.506+00",3309,"bt","mxn",1
"849","2020-12-15 23:50:11.233+00",3309,"bt","mxn",200
"850","2020-12-15 23:50:10.624+00",3309,"bt","mxn",200
"851","2020-12-15 23:50:09.846+00",3309,"bt","mxn",200
"852","2020-12-15 23:50:08.948+00",3309,"bt","mxn",200
"853","2020-12-15 23:50:08.212+00",3309,"spei","mxn",50
"854","2020-12-15 23:49:52.058+00",3309,"bt","mxn",1
"855","2020-12-15 23:49:51.571+00",3309,"bt","mxn",1
"856","2020-12-15 23:49:50.763+00",3309,"bt","mxn",1
"857","2020-12-15 17:59:11.85+00",3309,"bt","mxn",200
"858","2020-12-15 17:59:11.152+00",3309,"bt","mxn",200
"859","2020-12-15 17:59:10.393+00",3309,"bt","mxn",200
"860","2020-12-15 17:59:09.605+00",3309,"bt","mxn",200
"861","2020-12-15 17:59:08.715+00",3309,"spei","mxn",50
"862","2020-12-15 17:58:49.874+00",3309,"bt","mxn",1
"863","2020-12-15 17:58:49.34+00",3309,"bt","mxn",1
"864","2020-12-15 17:58:48.418+00",3309,"bt","mxn",1
"865","2020-12-14 21:26:12.821+00",3309,"bt","mxn",200
"866","2020-12-14 21:26:12.242+00",3309,"bt","mxn",200
"867","2020-12-14 21:26:11.394+00",3309,"bt","mxn",200
"868","2020-12-14 21:26:10.606+00",3309,"bt","mxn",200
"869","2020-12-14 21:26:09.738+00",3309,"spei","mxn",50
"870","2020-12-14 21:25:54.362+00",3309,"bt","mxn",1
"871","2020-12-14 21:25:53.838+00",3309,"bt","mxn",1
"872","2020-12-14 21:25:52.896+00",3309,"bt","mxn",1
"873","2020-12-14 20:32:37.018+00",3309,"bt","mxn",200
"874","2020-12-14 20:32:36.552+00",3309,"bt","mxn",200
"875","2020-12-14 20:32:35.898+00",3309,"bt","mxn",200
"876","2020-12-14 20:32:29.059+00",3309,"bt","mxn",200
"877","2020-12-14 20:32:28.389+00",3309,"spei","mxn",50
"878","2020-12-14 20:32:12.726+00",3309,"bt","mxn",1
"879","2020-12-14 20:32:11.89+00",3309,"bt","mxn",1
"880","2020-12-14 20:32:11.18+00",3309,"bt","mxn",1
"881","2020-12-14 20:00:26.812+00",3309,"bt","mxn",200
"882","2020-12-14 20:00:26.314+00",3309,"bt","mxn",200
"883","2020-12-14 20:00:25.655+00",3309,"bt","mxn",200
"884","2020-12-14 20:00:24.981+00",3309,"bt","mxn",200
"885","2020-12-14 20:00:24.245+00",3309,"spei","mxn",50
"886","2020-12-14 20:00:08.676+00",3309,"bt","mxn",1
"887","2020-12-14 20:00:08.204+00",3309,"bt","mxn",1
"888","2020-12-14 20:00:07.589+00",3309,"bt","mxn",1
"889","2020-12-14 19:17:22.15+00",3309,"bt","mxn",200
"890","2020-12-14 19:17:21.602+00",3309,"bt","mxn",200
"891","2020-12-14 19:17:20.858+00",3309,"bt","mxn",200
"892","2020-12-14 19:17:20.117+00",3309,"bt","mxn",200
"893","2020-12-14 19:17:19.247+00",3309,"spei","mxn",50
"894","2020-12-14 19:17:02.65+00",3309,"bt","mxn",1
"895","2020-12-14 19:17:02.095+00",3309,"bt","mxn",1
"896","2020-12-14 19:17:01.217+00",3309,"bt","mxn",1
"897","2020-12-14 14:13:05.001+00",3309,"bt","mxn",200
"898","2020-12-14 14:13:04.476+00",3309,"bt","mxn",200
"899","2020-12-14 14:13:03.781+00",3309,"bt","mxn",200
"900","2020-12-14 14:13:03.12+00",3309,"bt","mxn",200
"901","2020-12-14 14:13:02.325+00",3309,"spei","mxn",50
"902","2020-12-14 14:12:44.761+00",3309,"bt","mxn",1
"903","2020-12-14 14:12:44.056+00",3309,"bt","mxn",1
"904","2020-12-14 14:12:43.323+00",3309,"bt","mxn",1
"905","2020-12-14 13:49:29.302+00",3309,"bt","mxn",200
"906","2020-12-14 13:49:28.77+00",3309,"bt","mxn",200
"907","2020-12-14 13:49:28.104+00",3309,"bt","mxn",200
"908","2020-12-14 13:49:27.342+00",3309,"bt","mxn",200
"909","2020-12-14 13:49:26.618+00",3309,"spei","mxn",50
"910","2020-12-14 13:49:06.646+00",3309,"bt","mxn",1
"911","2020-12-14 13:49:05.933+00",3309,"bt","mxn",1
"912","2020-12-14 13:49:05.30+00",3309,"bt","mxn",1
"913","2020-12-12 02:20:08.437+00",3309,"bt","mxn",200
"914","2020-12-12 02:20:07.989+00",3309,"bt","mxn",200
"915","2020-12-12 02:20:07.284+00",3309,"bt","mxn",200
"916","2020-12-12 02:20:06.527+00",3309,"bt","mxn",200
"917","2020-12-12 02:20:05.806+00",3309,"spei","mxn",50
"918","2020-12-12 02:19:50.944+00",3309,"bt","mxn",1
"919","2020-12-12 02:19:50.185+00",3309,"bt","mxn",1
"920","2020-12-12 02:19:49.553+00",3309,"bt","mxn",1
"921","2020-12-11 23:14:52.119+00",3309,"bt","mxn",200
"922","2020-12-11 23:14:51.696+00",3309,"bt","mxn",200
"923","2020-12-11 23:14:51.018+00",3309,"bt","mxn",200
"924","2020-12-11 23:14:50.29+00",3309,"bt","mxn",200
"925","2020-12-11 23:14:49.609+00",3309,"spei","mxn",50
"926","2020-12-11 23:14:34.577+00",3309,"bt","mxn",1
"927","2020-12-11 23:14:34.008+00",3309,"bt","mxn",1
"928","2020-12-11 23:14:33.18+00",3309,"bt","mxn",1
"929","2020-12-11 20:34:41.478+00",3309,"bt","mxn",200
"930","2020-12-11 20:34:41.036+00",3309,"bt","mxn",200
"931","2020-12-11 20:34:40.374+00",3309,"bt","mxn",200
"932","2020-12-11 20:34:39.632+00",3309,"bt","mxn",200
"933","2020-12-11 20:34:38.867+00",3309,"spei","mxn",50
"934","2020-12-11 20:34:27.444+00",3309,"bt","mxn",1
"935","2020-12-11 20:34:26.858+00",3309,"bt","mxn",1
"936","2020-12-11 20:34:26.296+00",3309,"bt","mxn",1
"937","2020-12-11 20:25:43.379+00",3309,"bt","mxn",200
"938","2020-12-11 20:25:42.817+00",3309,"bt","mxn",200
"939","2020-12-11 20:25:42.083+00",3309,"bt","mxn",200
"940","2020-12-11 20:25:41.371+00",3309,"bt","mxn",200
"941","2020-12-11 20:25:40.625+00",3309,"spei","mxn",50
"942","2020-12-11 20:25:25.311+00",3309,"bt","mxn",1
"943","2020-12-11 20:25:24.82+00",3309,"bt","mxn",1
"944","2020-12-11 20:25:24.131+00",3309,"bt","mxn",1
"945","2020-12-11 18:02:35.936+00",3309,"bt","mxn",200
"946","2020-12-11 18:02:35.429+00",3309,"bt","mxn",200
"947","2020-12-11 18:02:34.736+00",3309,"bt","mxn",200
"948","2020-12-11 18:02:33.905+00",3309,"bt","mxn",200
"949","2020-12-11 18:02:33.227+00",3309,"spei","mxn",50
"950","2020-12-11 18:02:17.497+00",3309,"bt","mxn",1
"951","2020-12-11 18:02:17.001+00",3309,"bt","mxn",1
"952","2020-12-11 18:02:16.353+00",3309,"bt","mxn",1
"953","2020-12-11 16:28:13.764+00",3309,"bt","mxn",200
"954","2020-12-11 16:28:13.236+00",3309,"bt","mxn",200
"955","2020-12-11 16:28:12.481+00",3309,"bt","mxn",200
"956","2020-12-11 16:28:11.615+00",3309,"bt","mxn",200
"957","2020-12-11 16:28:10.782+00",3309,"spei","mxn",50
"958","2020-12-11 16:27:54.794+00",3309,"bt","mxn",1
"959","2020-12-11 16:27:54.258+00",3309,"bt","mxn",1
"960","2020-12-11 16:27:53.587+00",3309,"bt","mxn",1
"961","2020-12-11 14:59:32.764+00",3309,"bt","mxn",200
"962","2020-12-11 14:59:32.338+00",3309,"bt","mxn",200
"963","2020-12-11 14:59:31.726+00",3309,"bt","mxn",200
"964","2020-12-11 14:59:30.978+00",3309,"bt","mxn",200
"965","2020-12-11 14:59:30.271+00",3309,"spei","mxn",50
"966","2020-12-11 14:59:14.005+00",3309,"bt","mxn",1
"967","2020-12-11 14:59:13.493+00",3309,"bt","mxn",1
"968","2020-12-11 14:59:12.89+00",3309,"bt","mxn",1
"969","2020-12-11 06:37:00.915+00",3309,"bt","mxn",1
"970","2020-12-11 06:22:20.587+00",3309,"bt","mxn",200
"971","2020-12-11 06:22:20.15+00",3309,"bt","mxn",200
"972","2020-12-11 06:22:19.446+00",3309,"bt","mxn",200
"973","2020-12-11 06:22:18.744+00",3309,"bt","mxn",200
"974","2020-12-11 06:22:17.982+00",3309,"spei","mxn",50
"975","2020-12-11 06:22:02.527+00",3309,"bt","mxn",1
"976","2020-12-11 06:22:01.867+00",3309,"bt","mxn",1
"977","2020-12-11 06:02:44.171+00",3309,"bt","mxn",200
"978","2020-12-11 06:02:43.73+00",3309,"bt","mxn",200
"979","2020-12-11 06:02:43.049+00",3309,"bt","mxn",200
"980","2020-12-11 06:02:42.197+00",3309,"bt","mxn",200
"981","2020-12-11 06:02:41.373+00",3309,"spei","mxn",50
"982","2020-12-11 06:02:29.792+00",3309,"bt","mxn",1
"983","2020-12-11 06:02:29.316+00",3309,"bt","mxn",1
"984","2020-12-11 06:02:28.492+00",3309,"bt","mxn",1
"985","2020-12-11 05:53:07.869+00",3309,"bt","mxn",200
"986","2020-12-11 05:53:07.395+00",3309,"bt","mxn",200
"987","2020-12-11 05:53:06.754+00",3309,"bt","mxn",200
"988","2020-12-11 05:53:05.998+00",3309,"bt","mxn",200
"989","2020-12-11 05:53:05.228+00",3309,"spei","mxn",50
"990","2020-12-11 05:52:44.82+00",3309,"bt","mxn",1
"991","2020-12-11 05:52:44.299+00",3309,"bt","mxn",1
"992","2020-12-11 05:24:43.11+00",3309,"bt","mxn",1
"993","2020-12-11 05:10:08.256+00",3309,"bt","mxn",200
"994","2020-12-11 05:10:07.759+00",3309,"bt","mxn",200
"995","2020-12-11 05:10:07.06+00",3309,"bt","mxn",200
"996","2020-12-11 05:10:06.266+00",3309,"bt","mxn",200
"997","2020-12-11 05:10:05.486+00",3309,"spei","mxn",50
"998","2020-12-11 05:09:43.948+00",3309,"bt","mxn",1
"999","2020-12-11 05:09:43.315+00",3309,"bt","mxn",1
"1000","2020-12-11 04:35:59.021+00",3309,"bt","mxn",200
"1001","2020-12-11 04:35:58.532+00",3309,"bt","mxn",200
"1002","2020-12-11 04:35:57.809+00",3309,"bt","mxn",200
"1003","2020-12-11 04:35:57.223+00",3309,"bt","mxn",200
"1004","2020-12-11 04:35:56.419+00",3309,"spei","mxn",50
"1005","2020-12-11 04:35:42.949+00",3309,"bt","mxn",1
"1006","2020-12-11 04:35:35.569+00",3309,"bt","mxn",1
"1007","2020-12-11 04:35:34.914+00",3309,"bt","mxn",1
"1008","2020-12-11 04:16:35.036+00",3309,"bt","mxn",200
"1009","2020-12-11 04:16:34.602+00",3309,"bt","mxn",200
"1010","2020-12-11 04:16:33.931+00",3309,"bt","mxn",200
"1011","2020-12-11 04:16:33.26+00",3309,"bt","mxn",200
"1012","2020-12-11 04:16:32.558+00",3309,"spei","mxn",50
"1013","2020-12-11 04:16:10.781+00",3309,"bt","mxn",1
"1014","2020-12-11 04:16:10.189+00",3309,"bt","mxn",1
"1015","2020-12-11 04:16:09.377+00",3309,"bt","mxn",1
"1016","2020-12-10 21:17:19.751+00",3309,"bt","mxn",200
"1017","2020-12-10 21:17:19.322+00",3309,"bt","mxn",200
"1018","2020-12-10 21:17:18.643+00",3309,"bt","mxn",200
"1019","2020-12-10 21:17:17.903+00",3309,"bt","mxn",200
"1020","2020-12-10 21:17:17.186+00",3309,"spei","mxn",50
"1021","2020-12-10 21:17:02.085+00",3309,"bt","mxn",1
"1022","2020-12-10 21:17:01.424+00",3309,"bt","mxn",1
"1023","2020-12-10 21:17:00.578+00",3309,"bt","mxn",1
"1024","2020-12-10 19:50:35.596+00",3309,"bt","mxn",200
"1025","2020-12-10 19:50:34.93+00",3309,"bt","mxn",200
"1026","2020-12-10 19:50:34.186+00",3309,"bt","mxn",200
"1027","2020-12-10 19:50:33.538+00",3309,"bt","mxn",200
"1028","2020-12-10 19:50:32.817+00",3309,"spei","mxn",50
"1029","2020-12-10 19:50:18.462+00",3309,"bt","mxn",1
"1030","2020-12-10 19:50:17.693+00",3309,"bt","mxn",1
"1031","2020-12-10 19:50:17.075+00",3309,"bt","mxn",1
"1032","2020-12-10 19:10:01.641+00",3309,"bt","mxn",200
"1033","2020-12-10 19:10:01.156+00",3309,"bt","mxn",200
"1034","2020-12-10 19:10:00.492+00",3309,"bt","mxn",200
"1035","2020-12-10 19:09:59.638+00",3309,"bt","mxn",200
"1036","2020-12-10 19:09:58.914+00",3309,"spei","mxn",50
"1037","2020-12-10 19:09:44.17+00",3309,"bt","mxn",1
"1038","2020-12-10 19:09:43.664+00",3309,"bt","mxn",1
"1039","2020-12-10 19:09:42.839+00",3309,"bt","mxn",1
"1040","2020-12-10 18:26:50.593+00",3309,"bt","mxn",200
"1041","2020-12-10 18:26:50.13+00",3309,"bt","mxn",200
"1042","2020-12-10 18:26:49.425+00",3309,"bt","mxn",200
"1043","2020-12-10 18:26:48.768+00",3309,"bt","mxn",200
"1044","2020-12-10 18:26:48.011+00",3309,"spei","mxn",50
"1045","2020-12-10 18:26:33.834+00",3309,"bt","mxn",1
"1046","2020-12-10 18:26:33.30+00",3309,"bt","mxn",1
"1047","2020-12-10 18:26:32.479+00",3309,"bt","mxn",1
"1048","2020-12-10 16:15:31.125+00",3309,"bt","mxn",200
"1049","2020-12-10 16:15:30.67+00",3309,"bt","mxn",200
"1050","2020-12-10 16:15:29.879+00",3309,"bt","mxn",200
"1051","2020-12-10 16:15:29.206+00",3309,"bt","mxn",200
"1052","2020-12-10 16:15:28.439+00",3309,"spei","mxn",50
"1053","2020-12-10 16:15:13.51+00",3309,"bt","mxn",1
"1054","2020-12-10 16:15:12.876+00",3309,"bt","mxn",1
"1055","2020-12-10 16:15:12.004+00",3309,"bt","mxn",1
"1056","2020-12-10 15:08:57.806+00",3309,"bt","mxn",200
"1057","2020-12-10 15:08:57.32+00",3309,"bt","mxn",200
"1058","2020-12-10 15:08:56.672+00",3309,"bt","mxn",200
"1059","2020-12-10 15:08:55.949+00",3309,"bt","mxn",200
"1060","2020-12-10 15:08:55.263+00",3309,"spei","mxn",50
"1061","2020-12-10 15:08:41.229+00",3309,"bt","mxn",1
"1062","2020-12-10 15:08:40.645+00",3309,"bt","mxn",1
"1063","2020-12-10 15:08:39.79+00",3309,"bt","mxn",1
"1064","2020-12-10 13:22:40.113+00",3309,"bt","mxn",200
"1065","2020-12-10 13:22:39.659+00",3309,"bt","mxn",200
"1066","2020-12-10 13:22:38.949+00",3309,"bt","mxn",200
"1067","2020-12-10 13:22:38.249+00",3309,"bt","mxn",200
"1068","2020-12-10 13:22:37.404+00",3309,"spei","mxn",50
"1069","2020-12-10 13:22:22.358+00",3309,"bt","mxn",1
"1070","2020-12-10 13:22:21.833+00",3309,"bt","mxn",1
"1071","2020-12-10 13:22:20.922+00",3309,"bt","mxn",1
"1072","2020-12-10 01:37:34.18+00",3309,"bt","mxn",200
"1073","2020-12-10 01:37:33.676+00",3309,"bt","mxn",200
"1074","2020-12-10 01:37:32.611+00",3309,"bt","mxn",200
"1075","2020-12-10 01:37:31.854+00",3309,"bt","mxn",200
"1076","2020-12-10 01:37:31.141+00",3309,"spei","mxn",50
"1077","2020-12-10 01:37:16.253+00",3309,"bt","mxn",1
"1078","2020-12-10 01:37:15.539+00",3309,"bt","mxn",1
"1079","2020-12-10 01:37:14.899+00",3309,"bt","mxn",1
"1080","2020-12-09 19:26:04.167+00",3309,"bt","mxn",200
"1081","2020-12-09 19:26:03.732+00",3309,"bt","mxn",200
"1082","2020-12-09 19:26:02.888+00",3309,"bt","mxn",200
"1083","2020-12-09 19:26:01.994+00",3309,"bt","mxn",200
"1084","2020-12-09 19:26:00.747+00",3309,"spei","mxn",50
"1085","2020-12-09 19:25:45.482+00",3309,"bt","mxn",1
"1086","2020-12-09 19:25:44.815+00",3309,"bt","mxn",1
"1087","2020-12-09 19:25:43.989+00",3309,"bt","mxn",1
"1088","2020-12-09 12:39:41.808+00",3309,"bt","mxn",200
"1089","2020-12-09 12:39:41.349+00",3309,"bt","mxn",200
"1090","2020-12-09 12:39:40.665+00",3309,"bt","mxn",200
"1091","2020-12-09 12:39:39.90+00",3309,"bt","mxn",200
"1092","2020-12-09 12:39:39.233+00",3309,"spei","mxn",50
"1093","2020-12-09 12:39:25.397+00",3309,"bt","mxn",1
"1094","2020-12-09 12:39:24.922+00",3309,"bt","mxn",1
"1095","2020-12-09 12:39:24.178+00",3309,"bt","mxn",1
"1096","2020-12-09 04:25:52.262+00",3309,"bt","mxn",200
"1097","2020-12-09 04:25:51.772+00",3309,"bt","mxn",200
"1098","2020-12-09 04:25:51.208+00",3309,"bt","mxn",200
"1099","2020-12-09 04:25:50.517+00",3309,"bt","mxn",200
"1100","2020-12-09 04:25:49.712+00",3309,"spei","mxn",50
"1101","2020-12-09 04:25:35.883+00",3309,"bt","mxn",1
"1102","2020-12-09 04:25:35.197+00",3309,"bt","mxn",1
"1103","2020-12-09 04:25:34.361+00",3309,"bt","mxn",1
"1104","2020-12-09 01:51:54.253+00",3309,"bt","mxn",200
"1105","2020-12-09 01:51:53.789+00",3309,"bt","mxn",200
"1106","2020-12-09 01:51:53.082+00",3309,"bt","mxn",200
"1107","2020-12-09 01:51:52.28+00",3309,"bt","mxn",200
"1108","2020-12-09 01:51:51.547+00",3309,"spei","mxn",50
"1109","2020-12-09 01:51:37.149+00",3309,"bt","mxn",1
"1110","2020-12-09 01:51:36.558+00",3309,"bt","mxn",1
"1111","2020-12-09 01:51:35.752+00",3309,"bt","mxn",1
"1112","2020-12-08 23:12:16.903+00",3309,"bt","mxn",200
"1113","2020-12-08 23:12:16.465+00",3309,"bt","mxn",200
"1114","2020-12-08 23:12:15.805+00",3309,"bt","mxn",200
"1115","2020-12-08 23:12:15.12+00",3309,"bt","mxn",200
"1116","2020-12-08 23:12:14.296+00",3309,"spei","mxn",50
"1117","2020-12-08 23:11:59.833+00",3309,"bt","mxn",1
"1118","2020-12-08 23:11:59.155+00",3309,"bt","mxn",1
"1119","2020-12-08 23:11:58.42+00",3309,"bt","mxn",1
"1120","2020-12-08 22:58:30.147+00",3309,"bt","mxn",200
"1121","2020-12-08 22:58:29.635+00",3309,"bt","mxn",200
"1122","2020-12-08 22:58:29.003+00",3309,"bt","mxn",200
"1123","2020-12-08 22:58:28.209+00",3309,"bt","mxn",200
"1124","2020-12-08 22:58:27.427+00",3309,"spei","mxn",50
"1125","2020-12-08 22:58:12.639+00",3309,"bt","mxn",1
"1126","2020-12-08 22:58:12.095+00",3309,"bt","mxn",1
"1127","2020-12-08 22:58:11.205+00",3309,"bt","mxn",1
"1128","2020-12-08 21:42:33.849+00",3309,"bt","mxn",200
"1129","2020-12-08 21:42:33.44+00",3309,"bt","mxn",200
"1130","2020-12-08 21:42:32.738+00",3309,"bt","mxn",200
"1131","2020-12-08 21:42:31.969+00",3309,"bt","mxn",200
"1132","2020-12-08 21:42:31.221+00",3309,"spei","mxn",50
"1133","2020-12-08 21:42:16.521+00",3309,"bt","mxn",1
"1134","2020-12-08 21:42:16.015+00",3309,"bt","mxn",1
"1135","2020-12-08 21:42:15.229+00",3309,"bt","mxn",1
"1136","2020-12-08 20:37:19.777+00",3309,"bt","mxn",200
"1137","2020-12-08 20:37:19.304+00",3309,"bt","mxn",200
"1138","2020-12-08 20:37:18.578+00",3309,"bt","mxn",200
"1139","2020-12-08 20:37:17.83+00",3309,"bt","mxn",200
"1140","2020-12-08 20:37:16.953+00",3309,"spei","mxn",50
"1141","2020-12-08 20:37:01.123+00",3309,"bt","mxn",1
"1142","2020-12-08 20:37:00.552+00",3309,"bt","mxn",1
"1143","2020-12-08 20:36:59.257+00",3309,"bt","mxn",1
"1144","2020-12-08 17:36:43.999+00",3309,"bt","mxn",200
"1145","2020-12-08 17:36:43.567+00",3309,"bt","mxn",200
"1146","2020-12-08 17:36:42.868+00",3309,"bt","mxn",200
"1147","2020-12-08 17:36:42.12+00",3309,"bt","mxn",200
"1148","2020-12-08 17:36:41.309+00",3309,"spei","mxn",50
"1149","2020-12-08 17:36:27.152+00",3309,"bt","mxn",1
"1150","2020-12-08 17:36:26.592+00",3309,"bt","mxn",1
"1151","2020-12-08 17:36:25.776+00",3309,"bt","mxn",1
"1152","2020-12-08 02:38:22.868+00",3309,"bt","mxn",200
"1153","2020-12-08 02:38:22.414+00",3309,"bt","mxn",200
"1154","2020-12-08 02:38:21.728+00",3309,"bt","mxn",200
"1155","2020-12-08 02:38:20.941+00",3309,"bt","mxn",200
"1156","2020-12-08 02:38:20.204+00",3309,"spei","mxn",50
"1157","2020-12-08 02:38:05.918+00",3309,"bt","mxn",1
"1158","2020-12-08 02:38:05.294+00",3309,"bt","mxn",1
"1159","2020-12-08 02:38:04.629+00",3309,"bt","mxn",1
"1160","2020-12-08 00:31:50.796+00",3309,"bt","mxn",200
"1161","2020-12-08 00:31:50.314+00",3309,"bt","mxn",200
"1162","2020-12-08 00:31:49.636+00",3309,"bt","mxn",200
"1163","2020-12-08 00:31:48.855+00",3309,"bt","mxn",200
"1164","2020-12-08 00:31:48.185+00",3309,"spei","mxn",50
"1165","2020-12-08 00:31:33.726+00",3309,"bt","mxn",1
"1166","2020-12-08 00:31:33.16+00",3309,"bt","mxn",1
"1167","2020-12-08 00:31:32.324+00",3309,"bt","mxn",1
"1168","2020-12-07 23:07:06+00",3309,"bt","mxn",200
"1169","2020-12-07 23:07:05.498+00",3309,"bt","mxn",200
"1170","2020-12-07 23:07:04.842+00",3309,"bt","mxn",200
"1171","2020-12-07 23:07:04.152+00",3309,"bt","mxn",200
"1172","2020-12-07 23:07:03.434+00",3309,"spei","mxn",50
"1173","2020-12-07 23:06:49.201+00",3309,"bt","mxn",1
"1174","2020-12-07 23:06:48.695+00",3309,"bt","mxn",1
"1175","2020-12-07 23:06:47.826+00",3309,"bt","mxn",1
"1176","2020-12-04 17:55:42.543+00",3309,"bt","mxn",200
"1177","2020-12-04 17:55:42.112+00",3309,"bt","mxn",200
"1178","2020-12-04 17:55:41.40+00",3309,"bt","mxn",200
"1179","2020-12-04 17:55:40.687+00",3309,"bt","mxn",200
"1180","2020-12-04 17:55:39.83+00",3309,"spei","mxn",50
"1181","2020-12-04 17:55:23.842+00",3309,"bt","mxn",1
"1182","2020-12-04 17:55:23.307+00",3309,"bt","mxn",1
"1183","2020-12-04 17:55:22.547+00",3309,"bt","mxn",1
"1184","2020-12-04 06:26:57.319+00",3309,"bt","mxn",1
"1185","2020-12-04 06:12:17.244+00",3309,"bt","mxn",200
"1186","2020-12-04 06:12:16.767+00",3309,"bt","mxn",200
"1187","2020-12-04 06:12:16.15+00",3309,"bt","mxn",200
"1188","2020-12-04 06:12:15.459+00",3309,"bt","mxn",200
"1189","2020-12-04 06:12:14.598+00",3309,"spei","mxn",50
"1190","2020-12-04 06:11:58.162+00",3309,"bt","mxn",1
"1191","2020-12-04 06:11:57.267+00",3309,"bt","mxn",1
"1192","2020-12-04 03:42:00.28+00",3309,"bt","mxn",1
"1193","2020-12-04 03:27:20.578+00",3309,"bt","mxn",200
"1194","2020-12-04 03:27:20.099+00",3309,"bt","mxn",200
"1195","2020-12-04 03:27:19.394+00",3309,"bt","mxn",200
"1196","2020-12-04 03:27:18.503+00",3309,"bt","mxn",200
"1197","2020-12-04 03:27:17.781+00",3309,"spei","mxn",50
"1198","2020-12-04 03:26:58.717+00",3309,"bt","mxn",1
"1199","2020-12-04 03:26:58.051+00",3309,"bt","mxn",1
"1200","2020-12-04 03:15:08.424+00",3309,"bt","mxn",1
"1201","2020-12-04 03:00:29.665+00",3309,"bt","mxn",200
"1202","2020-12-04 03:00:29.187+00",3309,"bt","mxn",200
"1203","2020-12-04 03:00:28.429+00",3309,"bt","mxn",200
"1204","2020-12-04 03:00:27.604+00",3309,"bt","mxn",200
"1205","2020-12-04 03:00:26.818+00",3309,"spei","mxn",50
"1206","2020-12-04 03:00:06.924+00",3309,"bt","mxn",1
"1207","2020-12-04 03:00:06.256+00",3309,"bt","mxn",1
"1208","2020-12-04 02:21:20.557+00",3309,"bt","mxn",1
"1209","2020-12-04 02:06:44.457+00",3309,"bt","mxn",200
"1210","2020-12-04 02:06:43.929+00",3309,"bt","mxn",200
"1211","2020-12-04 02:06:43.23+00",3309,"bt","mxn",200
"1212","2020-12-04 02:06:42.489+00",3309,"bt","mxn",200
"1213","2020-12-04 02:06:41.714+00",3309,"spei","mxn",50
"1214","2020-12-04 02:06:21.206+00",3309,"bt","mxn",1
"1215","2020-12-04 02:06:20.587+00",3309,"bt","mxn",1
"1216","2020-12-04 00:41:38.434+00",3309,"bt","mxn",1
"1217","2020-12-04 00:33:14.496+00",3309,"bt","mxn",200
"1218","2020-12-04 00:33:13.971+00",3309,"bt","mxn",200
"1219","2020-12-04 00:33:13.247+00",3309,"bt","mxn",200
"1220","2020-12-04 00:33:12.506+00",3309,"bt","mxn",200
"1221","2020-12-04 00:33:11.683+00",3309,"spei","mxn",50
"1222","2020-12-04 00:32:50.286+00",3309,"bt","mxn",1
"1223","2020-12-04 00:32:49.455+00",3309,"bt","mxn",1
"1224","2020-12-04 00:17:58.823+00",3309,"bt","mxn",200
"1225","2020-12-04 00:17:58.283+00",3309,"bt","mxn",200
"1226","2020-12-04 00:17:57.506+00",3309,"bt","mxn",200
"1227","2020-12-04 00:17:56.268+00",3309,"bt","mxn",200
"1228","2020-12-04 00:17:04.489+00",3309,"bt","mxn",1
"1229","2020-12-04 00:17:03.908+00",3309,"bt","mxn",1
"1230","2020-12-04 00:17:02.864+00",3309,"bt","mxn",1
"1231","2020-12-04 00:13:38.60+00",3309,"bt","mxn",1
"1232","2020-12-03 23:58:59.131+00",3309,"bt","mxn",200
"1233","2020-12-03 23:58:58.646+00",3309,"bt","mxn",200
"1234","2020-12-03 23:58:57.914+00",3309,"bt","mxn",200
"1235","2020-12-03 23:58:57.228+00",3309,"bt","mxn",200
"1236","2020-12-03 23:58:56.467+00",3309,"spei","mxn",50
"1237","2020-12-03 23:58:37.616+00",3309,"bt","mxn",1
"1238","2020-12-03 23:58:36.987+00",3309,"bt","mxn",1
"1239","2020-12-03 23:47:19.076+00",3309,"bt","mxn",1
"1240","2020-12-03 23:45:06.425+00",3309,"bt","mxn",200
"1241","2020-12-03 23:45:05.956+00",3309,"bt","mxn",200
"1242","2020-12-03 23:45:05.172+00",3309,"bt","mxn",200
"1243","2020-12-03 23:45:04.30+00",3309,"bt","mxn",200
"1244","2020-12-03 23:45:03.531+00",3309,"spei","mxn",50
"1245","2020-12-03 23:44:43.787+00",3309,"bt","mxn",1
"1246","2020-12-03 23:44:43.168+00",3309,"bt","mxn",1
"1247","2020-12-03 23:31:11.529+00",3309,"bt","mxn",1
"1248","2020-12-03 23:24:43.222+00",3309,"bt","mxn",200
"1249","2020-12-03 23:24:42.707+00",3309,"bt","mxn",200
"1250","2020-12-03 23:24:41.944+00",3309,"bt","mxn",200
"1251","2020-12-03 23:24:38.789+00",3309,"bt","mxn",200
"1252","2020-12-03 23:24:37.907+00",3309,"spei","mxn",50
"1253","2020-12-03 23:24:19.856+00",3309,"bt","mxn",1
"1254","2020-12-03 23:24:19.085+00",3309,"bt","mxn",1
"1255","2020-12-03 23:04:23.507+00",3309,"spei","mxn",50
"1256","2020-12-03 22:21:42.642+00",3309,"bt","mxn",200
"1257","2020-12-03 22:21:42.145+00",3309,"bt","mxn",200
"1258","2020-12-03 22:21:41.415+00",3309,"bt","mxn",200
"1259","2020-12-03 22:21:38.556+00",3309,"bt","mxn",200
"1260","2020-12-03 22:21:37.725+00",3309,"spei","mxn",50
"1261","2020-12-03 22:21:18.97+00",3309,"bt","mxn",1
"1262","2020-12-03 22:21:18.448+00",3309,"bt","mxn",1
"1263","2020-12-03 22:21:17.438+00",3309,"bt","mxn",1
"1264","2020-12-03 17:04:48.97+00",3309,"bt","mxn",200
"1265","2020-12-03 17:04:48.505+00",3309,"bt","mxn",200
"1266","2020-12-03 17:04:47.859+00",3309,"bt","mxn",200
"1267","2020-12-03 17:04:41.164+00",3309,"bt","mxn",200
"1268","2020-12-03 17:04:40.403+00",3309,"spei","mxn",50
"1269","2020-12-03 17:04:19.739+00",3309,"bt","mxn",1
"1270","2020-12-03 17:04:19.204+00",3309,"bt","mxn",1
"1271","2020-12-03 17:04:18.256+00",3309,"bt","mxn",1
"1272","2020-12-03 16:40:16.651+00",3309,"bt","mxn",200
"1273","2020-12-03 16:40:16.125+00",3309,"bt","mxn",200
"1274","2020-12-03 16:40:15.334+00",3309,"bt","mxn",200
"1275","2020-12-03 16:40:14.453+00",3309,"bt","mxn",200
"1276","2020-12-03 16:40:13.60+00",3309,"spei","mxn",50
"1277","2020-12-03 16:39:48.964+00",3309,"bt","mxn",1
"1278","2020-12-03 16:39:48.403+00",3309,"bt","mxn",1
"1279","2020-12-03 16:39:47.509+00",3309,"bt","mxn",1
"1280","2020-12-03 14:22:43.508+00",3309,"bt","mxn",200
"1281","2020-12-03 14:22:42.733+00",3309,"bt","mxn",200
"1282","2020-12-03 14:22:41.888+00",3309,"bt","mxn",200
"1283","2020-12-03 14:22:41.085+00",3309,"bt","mxn",200
"1284","2020-12-03 14:22:40.219+00",3309,"spei","mxn",50
"1285","2020-12-03 14:22:22.405+00",3309,"bt","mxn",1
"1286","2020-12-03 14:22:21.832+00",3309,"bt","mxn",1
"1287","2020-12-03 14:22:20.902+00",3309,"bt","mxn",1
"1288","2020-12-03 12:06:57.176+00",3309,"bt","mxn",200
"1289","2020-12-03 12:06:56.682+00",3309,"bt","mxn",200
"1290","2020-12-03 12:06:56.002+00",3309,"bt","mxn",200
"1291","2020-12-03 12:06:55.236+00",3309,"bt","mxn",200
"1292","2020-12-03 12:06:54.421+00",3309,"spei","mxn",50
"1293","2020-12-03 12:06:37.592+00",3309,"bt","mxn",1
"1294","2020-12-03 12:06:37.035+00",3309,"bt","mxn",1
"1295","2020-12-03 12:06:36.135+00",3309,"bt","mxn",1
"1296","2020-12-03 05:13:02.685+00",3309,"bt","mxn",200
"1297","2020-12-03 05:13:02.156+00",3309,"bt","mxn",200
"1298","2020-12-03 05:13:01.292+00",3309,"bt","mxn",200
"1299","2020-12-03 05:13:00.203+00",3309,"bt","mxn",200
"1300","2020-12-03 05:12:59.07+00",3309,"spei","mxn",50
"1301","2020-12-03 05:12:33.165+00",3309,"bt","mxn",1
"1302","2020-12-03 05:12:32.461+00",3309,"bt","mxn",1
"1303","2020-12-03 05:12:31.577+00",3309,"bt","mxn",1
"1304","2020-12-03 04:41:20.286+00",3309,"bt","mxn",200
"1305","2020-12-03 04:41:19.821+00",3309,"bt","mxn",200
"1306","2020-12-03 04:41:19.075+00",3309,"bt","mxn",200
"1307","2020-12-03 04:41:18.228+00",3309,"bt","mxn",200
"1308","2020-12-03 04:41:17.332+00",3309,"spei","mxn",50
"1309","2020-12-03 04:40:57.192+00",3309,"bt","mxn",1
"1310","2020-12-03 04:40:56.526+00",3309,"bt","mxn",1
"1311","2020-12-03 04:40:55.681+00",3309,"bt","mxn",1
"1312","2020-12-03 04:01:36.503+00",3309,"bt","mxn",200
"1313","2020-12-03 04:01:35.951+00",3309,"bt","mxn",200
"1314","2020-12-03 04:01:35.148+00",3309,"bt","mxn",200
"1315","2020-12-03 04:01:34.393+00",3309,"bt","mxn",200
"1316","2020-12-03 04:01:33.503+00",3309,"spei","mxn",50
"1317","2020-12-03 04:01:15.052+00",3309,"bt","mxn",1
"1318","2020-12-03 04:01:14.398+00",3309,"bt","mxn",1
"1319","2020-12-03 04:01:13.406+00",3309,"bt","mxn",1
"1320","2020-12-03 03:19:13.286+00",3309,"bt","mxn",200
"1321","2020-12-03 03:19:12.515+00",3309,"bt","mxn",200
"1322","2020-12-03 03:19:11.389+00",3309,"bt","mxn",200
"1323","2020-12-03 03:19:10.399+00",3309,"bt","mxn",200
"1324","2020-12-03 03:19:09.514+00",3309,"spei","mxn",50
"1325","2020-12-03 03:18:51.424+00",3309,"bt","mxn",1
"1326","2020-12-03 03:18:50.446+00",3309,"bt","mxn",1
"1327","2020-12-03 03:18:49.465+00",3309,"bt","mxn",1
"1328","2020-12-03 02:15:20.499+00",3309,"bt","mxn",200
"1329","2020-12-03 02:15:19.889+00",3309,"bt","mxn",200
"1330","2020-12-03 02:15:19.081+00",3309,"bt","mxn",200
"1331","2020-12-03 02:15:18.287+00",3309,"bt","mxn",200
"1332","2020-12-03 02:15:17.264+00",3309,"spei","mxn",50
"1333","2020-12-03 02:14:57.992+00",3309,"bt","mxn",1
"1334","2020-12-03 02:14:57.308+00",3309,"bt","mxn",1
"1335","2020-12-03 02:14:56.368+00",3309,"bt","mxn",1
"1336","2020-12-03 01:50:32.186+00",3309,"spei","mxn",50
"1337","2020-12-03 00:43:03.906+00",3309,"bt","mxn",200
"1338","2020-12-03 00:43:02.979+00",3309,"bt","mxn",200
"1339","2020-12-03 00:43:02.109+00",3309,"bt","mxn",200
"1340","2020-12-03 00:43:01.004+00",3309,"bt","mxn",200
"1341","2020-12-03 00:42:59.796+00",3309,"spei","mxn",50
"1342","2020-12-03 00:42:45.62+00",3309,"bt","mxn",1
"1343","2020-12-03 00:42:44.90+00",3309,"bt","mxn",1
"1344","2020-12-03 00:42:43.966+00",3309,"bt","mxn",1
"1345","2020-12-03 00:39:42.802+00",3309,"bt","mxn",200
"1346","2020-12-03 00:39:42.305+00",3309,"bt","mxn",200
"1347","2020-12-03 00:39:41.641+00",3309,"bt","mxn",200
"1348","2020-12-03 00:39:40.883+00",3309,"bt","mxn",200
"1349","2020-12-03 00:39:39.865+00",3309,"spei","mxn",50
"1350","2020-12-03 00:39:25.921+00",3309,"bt","mxn",1
"1351","2020-12-03 00:39:25.277+00",3309,"bt","mxn",1
"1352","2020-12-03 00:39:24.361+00",3309,"bt","mxn",1
"1353","2020-12-03 00:31:15.824+00",3309,"bt","mxn",200
"1354","2020-12-03 00:31:15.272+00",3309,"bt","mxn",200
"1355","2020-12-03 00:31:14.516+00",3309,"bt","mxn",200
"1356","2020-12-03 00:31:13.621+00",3309,"bt","mxn",200
"1357","2020-12-03 00:31:12.849+00",3309,"spei","mxn",50
"1358","2020-12-03 00:30:54.311+00",3309,"bt","mxn",1
"1359","2020-12-03 00:30:53.436+00",3309,"bt","mxn",1
"1360","2020-12-03 00:30:52.70+00",3309,"bt","mxn",1
"1361","2020-12-02 23:37:49.797+00",3309,"bt","mxn",200
"1362","2020-12-02 23:37:49.293+00",3309,"bt","mxn",200
"1363","2020-12-02 23:37:48.614+00",3309,"bt","mxn",200
"1364","2020-12-02 23:37:47.808+00",3309,"bt","mxn",200
"1365","2020-12-02 23:37:46.938+00",3309,"spei","mxn",50
"1366","2020-12-02 23:37:29.424+00",3309,"bt","mxn",1
"1367","2020-12-02 23:37:28.813+00",3309,"bt","mxn",1
"1368","2020-12-02 23:37:27.903+00",3309,"bt","mxn",1
"1369","2020-12-02 22:43:27.052+00",3309,"bt","mxn",200
"1370","2020-12-02 22:43:26.579+00",3309,"bt","mxn",200
"1371","2020-12-02 22:43:25.899+00",3309,"bt","mxn",200
"1372","2020-12-02 22:43:25.188+00",3309,"bt","mxn",200
"1373","2020-12-02 22:43:24.326+00",3309,"spei","mxn",50
"1374","2020-12-02 22:43:07.786+00",3309,"bt","mxn",1
"1375","2020-12-02 22:43:07.238+00",3309,"bt","mxn",1
"1376","2020-12-02 22:43:06.56+00",3309,"bt","mxn",1
"1377","2020-12-02 20:09:40.479+00",3309,"bt","mxn",200
"1378","2020-12-02 20:09:40.021+00",3309,"bt","mxn",200
"1379","2020-12-02 20:09:39.188+00",3309,"bt","mxn",200
"1380","2020-12-02 20:09:38.404+00",3309,"bt","mxn",200
"1381","2020-12-02 20:09:37.623+00",3309,"spei","mxn",50
"1382","2020-12-02 20:09:22.811+00",3309,"bt","mxn",1
"1383","2020-12-02 20:09:22.037+00",3309,"bt","mxn",1
"1384","2020-12-02 20:09:21.318+00",3309,"bt","mxn",1
"1385","2020-12-02 18:44:14.162+00",3309,"bt","mxn",1
"1386","2020-12-02 18:41:59.415+00",3309,"bt","mxn",200
"1387","2020-12-02 18:41:58.866+00",3309,"bt","mxn",200
"1388","2020-12-02 18:41:58.152+00",3309,"bt","mxn",200
"1389","2020-12-02 18:41:57.336+00",3309,"bt","mxn",200
"1390","2020-12-02 18:41:56.479+00",3309,"spei","mxn",50
"1391","2020-12-02 18:41:39.298+00",3309,"bt","mxn",1
"1392","2020-12-02 18:41:38.444+00",3309,"bt","mxn",1
"1393","2020-12-02 18:30:36.329+00",3309,"bt","mxn",1
"1394","2020-12-02 18:15:58.736+00",3309,"bt","mxn",200
"1395","2020-12-02 18:15:58.164+00",3309,"bt","mxn",200
"1396","2020-12-02 18:15:57.339+00",3309,"bt","mxn",200
"1397","2020-12-02 18:15:56.53+00",3309,"bt","mxn",200
"1398","2020-12-02 18:15:55.668+00",3309,"spei","mxn",50
"1399","2020-12-02 18:15:38.014+00",3309,"bt","mxn",1
"1400","2020-12-02 18:15:36.85+00",3309,"bt","mxn",1
"1401","2020-12-02 13:03:29.115+00",3309,"bt","mxn",200
"1402","2020-12-02 13:03:28.65+00",3309,"bt","mxn",200
"1403","2020-12-02 13:03:27.948+00",3309,"bt","mxn",200
"1404","2020-12-02 13:03:27.278+00",3309,"bt","mxn",200
"1405","2020-12-02 13:03:26.582+00",3309,"spei","mxn",50
"1406","2020-12-02 13:03:09.22+00",3309,"bt","mxn",1
"1407","2020-12-02 13:03:08.597+00",3309,"bt","mxn",1
"1408","2020-12-02 13:03:07.726+00",3309,"bt","mxn",1
"1409","2020-12-02 08:34:15.119+00",3309,"bt","mxn",1
"1410","2020-12-02 08:19:35.571+00",3309,"bt","mxn",200
"1411","2020-12-02 08:19:35.115+00",3309,"bt","mxn",200
"1412","2020-12-02 08:19:34.411+00",3309,"bt","mxn",200
"1413","2020-12-02 08:19:33.799+00",3309,"bt","mxn",200
"1414","2020-12-02 08:19:33.063+00",3309,"spei","mxn",50
"1415","2020-12-02 08:19:15.925+00",3309,"bt","mxn",1
"1416","2020-12-02 08:19:15.136+00",3309,"bt","mxn",1
"1417","2020-12-02 06:03:37.921+00",3309,"bt","mxn",200
"1418","2020-12-02 06:03:37.459+00",3309,"bt","mxn",200
"1419","2020-12-02 06:03:36.814+00",3309,"bt","mxn",200
"1420","2020-12-02 06:03:36.09+00",3309,"bt","mxn",200
"1421","2020-12-02 06:03:35.334+00",3309,"spei","mxn",50
"1422","2020-12-02 06:03:18.77+00",3309,"bt","mxn",1
"1423","2020-12-02 06:03:18.257+00",3309,"bt","mxn",1
"1424","2020-12-02 06:03:17.458+00",3309,"bt","mxn",1
"1425","2020-12-02 05:13:48.65+00",3309,"bt","mxn",200
"1426","2020-12-02 05:13:48.145+00",3309,"bt","mxn",200
"1427","2020-12-02 05:13:47.484+00",3309,"bt","mxn",200
"1428","2020-12-02 05:13:46.758+00",3309,"bt","mxn",200
"1429","2020-12-02 05:13:46.049+00",3309,"spei","mxn",50
"1430","2020-12-02 05:13:28.669+00",3309,"bt","mxn",1
"1431","2020-12-02 05:13:28.137+00",3309,"bt","mxn",1
"1432","2020-12-02 05:13:27.277+00",3309,"bt","mxn",1
"1433","2020-12-02 04:55:01.096+00",3309,"bt","mxn",200
"1434","2020-12-02 04:55:00.621+00",3309,"bt","mxn",200
"1435","2020-12-02 04:54:59.875+00",3309,"bt","mxn",200
"1436","2020-12-02 04:54:59.182+00",3309,"bt","mxn",200
"1437","2020-12-02 04:54:58.514+00",3309,"spei","mxn",50
"1438","2020-12-02 04:54:41.129+00",3309,"bt","mxn",1
"1439","2020-12-02 04:54:40.586+00",3309,"bt","mxn",1
"1440","2020-12-02 04:54:39.748+00",3309,"bt","mxn",1
"1441","2020-12-02 04:27:45.862+00",3309,"bt","mxn",200
"1442","2020-12-02 04:27:45.369+00",3309,"bt","mxn",200
"1443","2020-12-02 04:27:44.659+00",3309,"bt","mxn",200
"1444","2020-12-02 04:27:43.962+00",3309,"bt","mxn",200
"1445","2020-12-02 04:27:43.157+00",3309,"spei","mxn",50
"1446","2020-12-02 04:27:24.181+00",3309,"bt","mxn",1
"1447","2020-12-02 04:27:23.38+00",3309,"bt","mxn",1
"1448","2020-12-02 04:27:22.651+00",3309,"bt","mxn",1
"1449","2020-12-01 22:53:30.068+00",3309,"bt","mxn",1
"1450","2020-12-01 22:45:02.015+00",3309,"bt","mxn",200
"1451","2020-12-01 22:45:01.473+00",3309,"bt","mxn",200
"1452","2020-12-01 22:45:00.693+00",3309,"bt","mxn",200
"1453","2020-12-01 22:44:59.759+00",3309,"bt","mxn",200
"1454","2020-12-01 22:44:59.032+00",3309,"spei","mxn",50
"1455","2020-12-01 22:44:42.928+00",3309,"bt","mxn",1
"1456","2020-12-01 22:44:42.166+00",3309,"bt","mxn",1
"1457","2020-12-01 22:37:13.015+00",3309,"bt","mxn",1
"1458","2020-12-01 22:22:32.116+00",3309,"bt","mxn",200
"1459","2020-12-01 22:22:31.637+00",3309,"bt","mxn",200
"1460","2020-12-01 22:22:30.939+00",3309,"bt","mxn",200
"1461","2020-12-01 22:22:30.192+00",3309,"bt","mxn",200
"1462","2020-12-01 22:22:29.236+00",3309,"spei","mxn",50
"1463","2020-12-01 22:22:13.532+00",3309,"bt","mxn",1
"1464","2020-12-01 22:22:12.871+00",3309,"bt","mxn",1
"1465","2020-12-01 21:38:15.912+00",3309,"bt","mxn",1
"1466","2020-12-01 21:32:54.157+00",3309,"bt","mxn",200
"1467","2020-12-01 21:32:53.719+00",3309,"bt","mxn",200
"1468","2020-12-01 21:32:52.946+00",3309,"bt","mxn",200
"1469","2020-12-01 21:32:52.206+00",3309,"bt","mxn",200
"1470","2020-12-01 21:32:51.422+00",3309,"spei","mxn",50
"1471","2020-12-01 21:32:34.988+00",3309,"bt","mxn",1
"1472","2020-12-01 21:32:34.192+00",3309,"bt","mxn",1
"1473","2020-12-01 17:57:47.541+00",3309,"bt","mxn",200
"1474","2020-12-01 17:57:46.909+00",3309,"bt","mxn",200
"1475","2020-12-01 17:57:46.162+00",3309,"bt","mxn",200
"1476","2020-12-01 17:57:45.359+00",3309,"bt","mxn",200
"1477","2020-12-01 17:57:32.989+00",3309,"bt","mxn",1
"1478","2020-12-01 17:57:32.24+00",3309,"bt","mxn",1
"1479","2020-12-01 17:57:31.517+00",3309,"bt","mxn",1
"1480","2020-12-01 17:54:10.665+00",3309,"bt","mxn",200
"1481","2020-12-01 17:54:10.074+00",3309,"bt","mxn",200
"1482","2020-12-01 17:54:09.336+00",3309,"bt","mxn",200
"1483","2020-12-01 17:54:08.476+00",3309,"bt","mxn",200
"1484","2020-12-01 17:53:35.776+00",3309,"bt","mxn",1
"1485","2020-12-01 17:53:34.82+00",3309,"bt","mxn",1
"1486","2020-12-01 17:53:34.068+00",3309,"bt","mxn",1
"1487","2020-12-01 03:15:14.176+00",3309,"bt","mxn",200
"1488","2020-12-01 03:15:13.565+00",3309,"bt","mxn",200
"1489","2020-12-01 03:15:12.679+00",3309,"bt","mxn",200
"1490","2020-12-01 03:15:11.777+00",3309,"bt","mxn",200
"1491","2020-12-01 03:15:10.948+00",3309,"spei","mxn",50
"1492","2020-12-01 03:14:54.296+00",3309,"bt","mxn",1
"1493","2020-12-01 03:14:53.736+00",3309,"bt","mxn",1
"1494","2020-12-01 03:14:52.829+00",3309,"bt","mxn",1
"1495","2020-12-01 00:38:44.352+00",3309,"bt","mxn",200
"1496","2020-12-01 00:38:43.902+00",3309,"bt","mxn",200
"1497","2020-12-01 00:38:43.178+00",3309,"bt","mxn",200
"1498","2020-12-01 00:38:42.367+00",3309,"bt","mxn",200
"1499","2020-12-01 00:38:41.59+00",3309,"spei","mxn",50
"1500","2020-12-01 00:38:23.808+00",3309,"bt","mxn",1
"1501","2020-12-01 00:38:22.981+00",3309,"bt","mxn",1
"1502","2020-12-01 00:38:22.083+00",3309,"bt","mxn",1
"1503","2020-12-10 14:39:04.088+00",6039,"eth","eth",0.0123688
"1504","2020-12-10 13:14:56.239+00",6039,"eth","eth",0.00415086
"1505","2020-12-10 13:08:22.029+00",6039,"eth","eth",0.02022799
"1506","2020-12-10 13:07:53.061+00",6039,"eth","eth",0.02020721
"1507","2020-12-10 13:03:48.636+00",6039,"eth","eth",0.02011398
"1508","2020-12-04 15:26:25.497+00",6039,"btc","btc",0.00116081
"1509","2020-12-04 15:22:23.057+00",6039,"bt","mxn",200
"1510","2020-12-04 15:12:30.633+00",6039,"eth","eth",0.01731039
"1511","2020-12-04 15:10:17.272+00",6039,"eth","eth",0.01053529
"1512","2020-12-03 20:27:56.024+00",6039,"eth","eth",0.01023289
"1513","2020-12-03 20:10:17.301+00",6039,"bt","mxn",100
"1514","2020-12-08 17:05:43.671+00",7760,"pts","mxn",1e+05
"1515","2020-12-08 17:05:43.594+00",7760,"pts","btc",5
"1516","2020-12-08 15:53:28.916+00",7760,"pts","usd",10000
"1517","2020-12-08 15:53:28.881+00",7760,"pts","mxn",1e+05
"1518","2020-12-08 15:53:28.846+00",7760,"pts","eth",100
"1519","2020-12-08 15:53:28.799+00",7760,"pts","btc",12
